,id,school_name,sex,age,address,family_size,parent_status,mother_education,father_education,mother_job,father_job,reason,guardian,travel_time,study_time,class_failures,extra_edu_support,family_edu_support,paid_tutors,extra_curic,nursery_school,higher_edu_interest,internet_access,romantic_rel_interest,qual_family_rel,free_time,go_out,work_alc_consum,weekend_alc_consum,health_status,num_absences,term_1_grade,term_2_grade,final_grade
0,0,Gabriel Pereira,Female,18,Urban,>3,Apart,Higher education,Higher education,at_home,teacher,course,mother,15 to 30 min,2 to 5 hours,0,yes,no,no,no,yes,yes,no,no,4,3,4,1,1,3,6,5,6,6
1,1,Gabriel Pereira,Female,17,Urban,>3,Together,Primary (4th grade),Primary (4th grade),at_home,other,course,father,<=15 min,2 to 5 hours,0,no,yes,no,no,no,yes,yes,no,5,3,3,1,1,3,4,5,5,6
2,2,Gabriel Pereira,Female,15,Urban,<=3,Together,Primary (4th grade),Primary (4th grade),at_home,other,other,mother,<=15 min,2 to 5 hours,3,yes,no,yes,no,yes,yes,yes,no,4,3,2,2,3,3,10,7,8,10
3,3,Gabriel Pereira,Female,15,Urban,>3,Together,Higher education,5-9th grade,health,services,home,mother,<=15 min,5 to 10 hours,0,no,yes,yes,yes,yes,yes,yes,yes,3,2,2,1,1,5,2,15,14,15
4,4,Gabriel Pereira,Female,16,Urban,>3,Together,Secondary education,Secondary education,other,other,home,father,<=15 min,2 to 5 hours,0,no,yes,yes,no,yes,yes,no,no,4,3,2,1,2,5,4,6,10,10
5,5,Gabriel Pereira,Male,16,Urban,<=3,Together,Higher education,Secondary education,services,other,reputation,mother,<=15 min,2 to 5 hours,0,no,yes,yes,yes,yes,yes,yes,no,5,4,2,1,2,5,10,15,15,15
6,6,Gabriel Pereira,Male,16,Urban,<=3,Together,5-9th grade,5-9th grade,other,other,home,mother,<=15 min,2 to 5 hours,0,no,no,no,no,yes,yes,yes,no,4,4,4,1,1,3,0,12,12,11
7,7,Gabriel Pereira,Female,17,Urban,>3,Apart,Higher education,Higher education,other,teacher,home,mother,15 to 30 min,2 to 5 hours,0,yes,yes,no,no,yes,yes,no,no,4,1,4,1,1,1,6,6,5,6
8,8,Gabriel Pereira,Male,15,Urban,<=3,Apart,Secondary education,5-9th grade,services,other,home,mother,<=15 min,2 to 5 hours,0,no,yes,yes,no,yes,yes,yes,no,4,2,2,1,1,1,0,16,18,19
9,9,Gabriel Pereira,Male,15,Urban,>3,Together,Secondary education,Higher education,other,other,home,mother,<=15 min,2 to 5 hours,0,no,yes,yes,yes,yes,yes,yes,no,5,5,1,1,1,5,0,14,15,15
10,10,Gabriel Pereira,Female,15,Urban,>3,Together,Higher education,Higher education,teacher,health,reputation,mother,<=15 min,2 to 5 hours,0,no,yes,yes,no,yes,yes,yes,no,3,3,3,1,2,2,0,10,8,9
11,11,Gabriel Pereira,Female,15,Urban,>3,Together,5-9th grade,Primary (4th grade),services,other,reputation,father,30 min. to 1 hour,5 to 10 hours,0,no,yes,no,yes,yes,yes,yes,no,5,2,2,1,1,4,4,10,12,12
12,12,Gabriel Pereira,Male,15,Urban,<=3,Together,Higher education,Higher education,health,services,course,father,<=15 min,<2 hours,0,no,yes,yes,yes,yes,yes,yes,no,4,3,3,1,3,5,2,14,14,14
13,13,Gabriel Pereira,Male,15,Urban,>3,Together,Higher education,Secondary education,teacher,other,course,mother,15 to 30 min,2 to 5 hours,0,no,yes,yes,no,yes,yes,yes,no,5,4,3,1,2,3,2,10,10,11
14,14,Gabriel Pereira,Male,15,Urban,>3,Apart,5-9th grade,5-9th grade,other,other,home,other,<=15 min,5 to 10 hours,0,no,yes,no,no,yes,yes,yes,yes,4,5,2,1,1,3,0,14,16,16
15,15,Gabriel Pereira,Female,16,Urban,>3,Together,Higher education,Higher education,health,other,home,mother,<=15 min,<2 hours,0,no,yes,no,no,yes,yes,yes,no,4,4,4,1,2,2,4,14,14,14
16,16,Gabriel Pereira,Female,16,Urban,>3,Together,Higher education,Higher education,services,services,reputation,mother,<=15 min,5 to 10 hours,0,no,yes,yes,yes,yes,yes,yes,no,3,2,3,1,2,2,6,13,14,14
17,17,Gabriel Pereira,Female,16,Urban,>3,Together,Secondary education,Secondary education,other,other,reputation,mother,30 min. to 1 hour,2 to 5 hours,0,yes,yes,no,yes,yes,yes,no,no,5,3,2,1,1,4,4,8,10,10
18,18,Gabriel Pereira,Male,17,Urban,>3,Together,Secondary education,5-9th grade,services,services,course,mother,<=15 min,<2 hours,3,no,yes,no,yes,yes,yes,yes,no,5,5,5,2,4,5,16,6,5,5
19,19,Gabriel Pereira,Male,16,Urban,<=3,Together,Higher education,Secondary education,health,other,home,father,<=15 min,<2 hours,0,no,no,yes,yes,yes,yes,yes,no,3,1,3,1,3,5,4,8,10,10
20,20,Gabriel Pereira,Male,15,Urban,>3,Together,Higher education,Secondary education,teacher,other,reputation,mother,<=15 min,2 to 5 hours,0,no,no,no,no,yes,yes,yes,no,4,4,1,1,1,1,0,13,14,15
21,21,Gabriel Pereira,Male,15,Urban,>3,Together,Higher education,Higher education,health,health,other,father,<=15 min,<2 hours,0,no,yes,yes,no,yes,yes,yes,no,5,4,2,1,1,5,0,12,15,15
22,22,Gabriel Pereira,Male,16,Urban,<=3,Together,Higher education,5-9th grade,teacher,other,course,mother,<=15 min,2 to 5 hours,0,no,no,no,yes,yes,yes,yes,no,4,5,1,1,3,5,2,15,15,16
23,23,Gabriel Pereira,Male,16,Urban,<=3,Together,5-9th grade,5-9th grade,other,other,reputation,mother,15 to 30 min,2 to 5 hours,0,no,yes,no,yes,yes,yes,yes,no,5,4,4,2,4,5,0,13,13,12
24,24,Gabriel Pereira,Female,15,Rural,>3,Together,5-9th grade,Higher education,services,health,course,mother,<=15 min,5 to 10 hours,0,yes,yes,yes,yes,yes,yes,yes,no,4,3,2,1,1,5,2,10,9,8
25,25,Gabriel Pereira,Female,16,Urban,>3,Together,5-9th grade,5-9th grade,services,services,home,mother,<=15 min,<2 hours,2,no,yes,yes,no,no,yes,yes,no,1,2,2,1,3,5,14,6,9,8
26,26,Gabriel Pereira,Male,15,Urban,>3,Together,5-9th grade,5-9th grade,other,other,home,mother,<=15 min,<2 hours,0,no,yes,yes,no,yes,yes,yes,no,4,2,2,1,2,5,2,12,12,11
27,27,Gabriel Pereira,Male,15,Urban,>3,Together,Higher education,5-9th grade,health,services,other,mother,<=15 min,<2 hours,0,no,no,yes,no,yes,yes,yes,no,2,2,4,2,4,1,4,15,16,15
28,28,Gabriel Pereira,Male,16,Urban,<=3,Apart,Secondary education,Higher education,services,other,home,mother,<=15 min,2 to 5 hours,0,yes,yes,no,yes,yes,yes,yes,no,5,3,3,1,1,5,4,11,11,11
29,29,Gabriel Pereira,Male,16,Urban,>3,Together,Higher education,Higher education,teacher,teacher,home,mother,<=15 min,2 to 5 hours,0,no,yes,yes,yes,yes,yes,yes,yes,4,4,5,5,5,5,16,10,12,11
30,30,Gabriel Pereira,Male,15,Urban,>3,Together,Higher education,Higher education,health,services,home,mother,<=15 min,2 to 5 hours,0,no,yes,yes,no,no,yes,yes,no,5,4,2,3,4,5,0,9,11,12
31,31,Gabriel Pereira,Male,15,Urban,>3,Together,Higher education,Higher education,services,services,reputation,mother,15 to 30 min,2 to 5 hours,0,no,yes,no,yes,yes,yes,yes,no,4,3,1,1,1,5,0,17,16,17
32,32,Gabriel Pereira,Male,15,Rural,>3,Together,Higher education,Secondary education,teacher,at_home,course,mother,<=15 min,2 to 5 hours,0,no,yes,no,yes,yes,yes,yes,yes,4,5,2,1,1,5,0,17,16,16
33,33,Gabriel Pereira,Male,15,Urban,<=3,Together,Secondary education,Secondary education,other,other,course,mother,<=15 min,2 to 5 hours,0,no,no,no,yes,no,yes,yes,no,5,3,2,1,1,2,0,8,10,12
34,34,Gabriel Pereira,Male,16,Urban,>3,Together,Secondary education,5-9th grade,other,other,home,mother,<=15 min,<2 hours,0,no,yes,yes,no,no,yes,yes,no,5,4,3,1,1,5,0,12,14,15
35,35,Gabriel Pereira,Female,15,Urban,>3,Together,5-9th grade,Secondary education,other,other,other,father,15 to 30 min,<2 hours,0,no,yes,no,yes,yes,yes,no,no,3,5,1,1,1,5,0,8,7,6
36,36,Gabriel Pereira,Male,15,Urban,<=3,Together,Higher education,Secondary education,teacher,services,home,mother,<=15 min,5 to 10 hours,0,no,yes,no,yes,yes,yes,yes,no,5,4,3,1,1,4,2,15,16,18
37,37,Gabriel Pereira,Male,16,Rural,>3,Apart,Higher education,Higher education,other,teacher,reputation,mother,15 to 30 min,5 to 10 hours,0,no,yes,no,yes,yes,yes,yes,yes,2,4,3,1,1,5,7,15,16,15
38,38,Gabriel Pereira,Female,15,Rural,>3,Together,Secondary education,Higher education,services,health,course,mother,<=15 min,5 to 10 hours,0,yes,yes,yes,yes,yes,yes,yes,no,4,3,2,1,1,5,2,12,12,11
39,39,Gabriel Pereira,Female,15,Rural,>3,Together,5-9th grade,5-9th grade,at_home,other,reputation,mother,<=15 min,<2 hours,0,yes,yes,yes,yes,yes,yes,no,no,4,3,1,1,1,2,8,14,13,13
40,40,Gabriel Pereira,Female,16,Urban,<=3,Together,5-9th grade,5-9th grade,other,other,home,mother,15 to 30 min,2 to 5 hours,1,no,yes,no,yes,no,yes,yes,yes,3,3,3,1,2,3,25,7,10,11
41,41,Gabriel Pereira,Male,15,Urban,<=3,Together,Higher education,Higher education,teacher,other,home,other,<=15 min,<2 hours,0,no,yes,no,no,no,yes,yes,yes,5,4,3,2,4,5,8,12,12,12
42,42,Gabriel Pereira,Male,15,Urban,>3,Together,Higher education,Higher education,services,teacher,course,father,<=15 min,2 to 5 hours,0,no,yes,no,yes,yes,yes,yes,no,4,3,3,1,1,5,2,19,18,18
43,43,Gabriel Pereira,Male,15,Urban,>3,Together,5-9th grade,5-9th grade,services,services,course,father,<=15 min,<2 hours,0,yes,yes,no,no,yes,yes,yes,no,5,4,1,1,1,1,0,8,8,11
44,44,Gabriel Pereira,Female,16,Urban,<=3,Together,5-9th grade,5-9th grade,other,at_home,course,father,15 to 30 min,2 to 5 hours,1,yes,no,no,yes,yes,yes,yes,no,4,3,3,2,2,5,14,10,10,9
45,45,Gabriel Pereira,Female,15,Urban,<=3,Apart,Higher education,Secondary education,other,other,course,mother,<=15 min,2 to 5 hours,0,yes,yes,yes,yes,yes,yes,yes,yes,5,2,2,1,1,5,8,8,8,6
46,46,Gabriel Pereira,Female,16,Urban,<=3,Apart,Secondary education,Secondary education,other,services,home,mother,<=15 min,2 to 5 hours,0,no,yes,no,no,yes,yes,yes,no,2,3,5,1,4,3,12,11,12,11
47,47,Gabriel Pereira,Male,16,Urban,>3,Together,Higher education,Secondary education,health,services,reputation,mother,<=15 min,>10 hours,0,no,no,no,yes,yes,yes,yes,no,4,2,2,1,1,2,4,19,19,20
48,48,Gabriel Pereira,Male,15,Urban,>3,Together,Higher education,5-9th grade,teacher,other,home,mother,<=15 min,2 to 5 hours,0,no,yes,yes,no,yes,yes,no,no,4,3,3,2,2,5,2,15,15,14
49,49,Gabriel Pereira,Female,15,Urban,>3,Together,Higher education,Higher education,services,teacher,other,father,<=15 min,2 to 5 hours,1,yes,yes,no,yes,no,yes,yes,no,4,4,4,1,1,3,2,7,7,7
50,50,Gabriel Pereira,Female,16,Urban,<=3,Together,5-9th grade,5-9th grade,services,services,course,mother,30 min. to 1 hour,2 to 5 hours,0,no,yes,yes,no,yes,yes,yes,no,4,3,3,2,3,4,2,12,13,13
51,51,Gabriel Pereira,Female,15,Urban,<=3,Together,Higher education,5-9th grade,health,other,other,mother,<=15 min,2 to 5 hours,0,no,yes,yes,no,yes,yes,yes,no,4,3,3,1,1,5,2,11,13,13
52,52,Gabriel Pereira,Male,15,Urban,<=3,Apart,Higher education,5-9th grade,health,health,other,father,15 to 30 min,<2 hours,1,no,no,no,no,yes,yes,no,no,5,5,5,3,4,5,6,11,11,10
53,53,Gabriel Pereira,Female,15,Urban,>3,Together,Higher education,Higher education,services,services,course,mother,<=15 min,<2 hours,0,yes,yes,yes,no,yes,yes,yes,no,3,3,4,2,3,5,0,8,10,11
54,54,Gabriel Pereira,Female,15,Urban,<=3,Apart,Secondary education,Secondary education,other,other,other,mother,<=15 min,<2 hours,0,no,no,yes,no,yes,yes,yes,no,5,3,4,4,4,1,6,10,13,13
55,55,Gabriel Pereira,Female,16,Urban,>3,Apart,5-9th grade,Primary (4th grade),other,other,other,mother,<=15 min,2 to 5 hours,0,no,no,yes,yes,yes,yes,yes,yes,5,3,4,1,1,2,8,8,9,10
56,56,Gabriel Pereira,Female,15,Urban,>3,Apart,Higher education,Secondary education,services,services,reputation,mother,<=15 min,2 to 5 hours,0,no,yes,yes,yes,yes,yes,yes,no,4,3,2,1,1,1,0,14,15,15
57,57,Gabriel Pereira,Male,15,Urban,>3,Together,Higher education,Higher education,teacher,health,reputation,mother,<=15 min,2 to 5 hours,0,no,yes,no,yes,yes,yes,no,no,3,2,2,1,1,5,4,14,15,15
58,58,Gabriel Pereira,Male,15,Urban,<=3,Together,Primary (4th grade),5-9th grade,other,at_home,home,father,<=15 min,2 to 5 hours,0,yes,yes,no,yes,yes,yes,yes,no,4,3,2,1,1,5,2,9,10,9
59,59,Gabriel Pereira,Female,16,Urban,>3,Together,Higher education,5-9th grade,services,other,course,mother,<=15 min,2 to 5 hours,0,no,yes,no,no,yes,yes,yes,no,4,2,3,1,1,5,2,15,16,16
60,60,Gabriel Pereira,Female,16,Rural,>3,Together,Higher education,Higher education,health,teacher,other,mother,<=15 min,2 to 5 hours,0,no,yes,no,yes,yes,yes,no,no,2,4,4,2,3,4,6,10,11,11
61,61,Gabriel Pereira,Female,16,Urban,>3,Together,Primary (4th grade),Primary (4th grade),services,services,course,father,>1 hour,<2 hours,0,yes,yes,no,yes,no,yes,yes,yes,5,5,5,5,5,5,6,10,8,11
62,62,Gabriel Pereira,Female,16,Urban,<=3,Together,Primary (4th grade),5-9th grade,other,services,reputation,father,<=15 min,2 to 5 hours,0,yes,no,no,yes,yes,yes,yes,no,4,4,3,1,1,1,4,8,10,9
63,63,Gabriel Pereira,Female,16,Urban,>3,Together,Higher education,Secondary education,teacher,health,home,mother,<=15 min,5 to 10 hours,0,yes,yes,yes,yes,yes,yes,yes,no,3,4,4,2,4,4,2,10,9,9
64,64,Gabriel Pereira,Female,15,Urban,<=3,Together,Higher education,Secondary education,services,services,reputation,father,<=15 min,2 to 5 hours,0,yes,no,no,yes,yes,yes,yes,yes,4,4,4,2,4,2,0,10,10,10
65,65,Gabriel Pereira,Female,16,Urban,<=3,Together,Higher education,Secondary education,teacher,services,course,mother,30 min. to 1 hour,2 to 5 hours,0,no,yes,no,yes,yes,yes,yes,no,5,4,3,1,2,1,2,16,15,15
66,66,Gabriel Pereira,Male,15,Urban,>3,Apart,Higher education,Higher education,other,services,reputation,mother,<=15 min,>10 hours,0,no,yes,no,yes,no,yes,yes,yes,1,3,3,5,5,3,4,13,13,12
67,67,Gabriel Pereira,Female,16,Urban,>3,Together,Secondary education,Primary (4th grade),services,other,course,mother,<=15 min,>10 hours,0,yes,yes,yes,no,yes,yes,yes,no,4,3,3,1,2,5,4,7,7,6
68,68,Gabriel Pereira,Female,15,Rural,<=3,Together,5-9th grade,5-9th grade,health,services,reputation,mother,15 to 30 min,2 to 5 hours,0,yes,yes,yes,no,yes,yes,yes,no,4,1,3,1,3,4,2,8,9,8
69,69,Gabriel Pereira,Female,15,Rural,<=3,Together,Secondary education,Primary (4th grade),other,other,reputation,father,15 to 30 min,>10 hours,0,no,yes,no,no,no,yes,yes,no,4,4,2,2,3,3,12,16,16,16
70,70,Gabriel Pereira,Male,16,Urban,>3,Together,Secondary education,Primary (4th grade),other,other,reputation,father,15 to 30 min,>10 hours,0,no,yes,yes,no,yes,yes,yes,no,4,3,2,1,1,5,0,13,15,15
71,71,Gabriel Pereira,Male,15,Urban,>3,Together,Higher education,5-9th grade,other,other,course,mother,<=15 min,>10 hours,0,no,no,no,no,yes,yes,yes,no,3,3,3,1,1,3,0,10,10,10
72,72,Gabriel Pereira,Female,15,Rural,>3,Together,Primary (4th grade),Primary (4th grade),other,other,reputation,mother,<=15 min,2 to 5 hours,2,yes,yes,no,no,no,yes,yes,yes,3,3,4,2,4,5,2,8,6,5
73,73,Gabriel Pereira,Male,16,Urban,>3,Together,Secondary education,Primary (4th grade),other,other,reputation,mother,<=15 min,<2 hours,0,no,no,no,yes,yes,yes,no,no,5,3,2,2,2,5,2,12,12,14
74,74,Gabriel Pereira,Female,16,Urban,>3,Together,Secondary education,Secondary education,other,services,home,mother,<=15 min,2 to 5 hours,0,yes,yes,yes,yes,yes,yes,yes,no,4,3,3,2,4,5,54,11,12,11
75,75,Gabriel Pereira,Male,15,Urban,>3,Together,Higher education,Secondary education,teacher,other,home,mother,<=15 min,2 to 5 hours,0,no,yes,yes,yes,yes,yes,yes,no,4,3,3,2,3,5,6,9,9,10
76,76,Gabriel Pereira,Male,15,Urban,>3,Together,Higher education,No education,teacher,other,course,mother,15 to 30 min,>10 hours,0,no,no,no,yes,yes,yes,yes,no,3,4,3,1,1,1,8,11,11,10
77,77,Gabriel Pereira,Female,16,Urban,>3,Together,5-9th grade,5-9th grade,other,other,reputation,mother,<=15 min,>10 hours,0,no,no,yes,no,yes,yes,yes,yes,5,2,3,1,3,3,0,11,11,11
78,78,Gabriel Pereira,Male,17,Urban,>3,Together,5-9th grade,Primary (4th grade),other,other,home,mother,15 to 30 min,<2 hours,3,yes,yes,no,yes,yes,no,yes,no,4,5,1,1,1,3,2,8,8,10
79,79,Gabriel Pereira,Female,16,Urban,>3,Together,Secondary education,Higher education,at_home,other,course,mother,<=15 min,2 to 5 hours,0,no,yes,no,no,yes,yes,yes,no,2,4,3,1,2,3,12,5,5,5
80,80,Gabriel Pereira,Male,15,Urban,>3,Together,5-9th grade,Secondary education,other,services,course,father,<=15 min,<2 hours,0,yes,yes,yes,yes,no,yes,yes,yes,3,2,2,1,3,3,2,10,12,12
81,81,Gabriel Pereira,Male,15,Urban,>3,Together,5-9th grade,Secondary education,other,other,home,mother,<=15 min,5 to 10 hours,0,yes,no,yes,no,no,yes,yes,no,5,3,2,1,2,5,4,11,10,11
82,82,Gabriel Pereira,Female,15,Urban,<=3,Together,Secondary education,5-9th grade,services,other,reputation,mother,<=15 min,2 to 5 hours,0,no,yes,yes,no,yes,yes,yes,no,4,4,4,1,1,5,10,7,6,6
83,83,Gabriel Pereira,Male,15,Urban,<=3,Together,5-9th grade,5-9th grade,services,services,home,mother,15 to 30 min,2 to 5 hours,0,no,no,yes,yes,yes,yes,yes,no,5,3,3,1,3,4,4,15,15,15
84,84,Gabriel Pereira,Female,15,Urban,>3,Together,Primary (4th grade),Primary (4th grade),other,other,home,father,<=15 min,2 to 5 hours,0,no,yes,no,yes,no,yes,yes,no,4,3,2,2,3,4,2,9,10,10
85,85,Gabriel Pereira,Female,15,Urban,>3,Together,Higher education,Higher education,services,services,reputation,father,15 to 30 min,2 to 5 hours,2,no,no,yes,no,yes,yes,yes,yes,4,4,4,2,3,5,6,7,9,8
86,86,Gabriel Pereira,Female,16,Urban,<=3,Together,5-9th grade,5-9th grade,at_home,other,course,mother,<=15 min,2 to 5 hours,0,no,yes,no,no,yes,yes,no,no,4,3,4,1,2,2,4,8,7,6
87,87,Gabriel Pereira,Female,15,Urban,>3,Together,Higher education,5-9th grade,other,other,reputation,mother,<=15 min,5 to 10 hours,0,no,yes,no,yes,yes,yes,yes,no,5,3,3,1,3,1,4,13,14,14
88,88,Gabriel Pereira,Male,16,Urban,>3,Together,5-9th grade,5-9th grade,services,other,reputation,father,15 to 30 min,2 to 5 hours,1,no,no,yes,yes,no,yes,yes,no,4,4,2,1,1,3,12,11,10,10
89,89,Gabriel Pereira,Male,16,Urban,<=3,Apart,Higher education,Higher education,teacher,health,reputation,mother,<=15 min,2 to 5 hours,0,no,yes,no,no,yes,yes,no,no,4,1,3,3,5,5,18,8,6,7
90,90,Gabriel Pereira,Female,16,Urban,>3,Together,Secondary education,Secondary education,other,other,home,mother,<=15 min,5 to 10 hours,0,no,yes,yes,no,yes,yes,yes,yes,4,3,3,1,3,4,0,7,7,8
91,91,Gabriel Pereira,Female,15,Urban,>3,Together,Higher education,Secondary education,services,other,reputation,mother,<=15 min,<2 hours,0,no,no,yes,yes,yes,yes,yes,no,4,5,5,1,3,1,4,16,17,18
92,92,Gabriel Pereira,Female,16,Urban,<=3,Together,Secondary education,Primary (4th grade),other,other,home,father,<=15 min,2 to 5 hours,0,yes,yes,no,no,yes,yes,no,no,3,3,3,2,3,2,4,7,6,6
93,93,Gabriel Pereira,Female,16,Urban,>3,Together,Higher education,5-9th grade,teacher,services,home,mother,15 to 30 min,2 to 5 hours,0,no,yes,yes,yes,yes,yes,yes,no,5,3,3,1,1,1,0,11,10,10
94,94,Gabriel Pereira,Male,15,Urban,<=3,Together,5-9th grade,5-9th grade,services,health,reputation,mother,<=15 min,>10 hours,0,no,yes,no,yes,yes,yes,yes,no,4,3,4,1,1,4,6,11,13,14
95,95,Gabriel Pereira,Female,15,Rural,>3,Together,Primary (4th grade),Primary (4th grade),at_home,other,home,mother,15 to 30 min,>10 hours,1,yes,yes,yes,yes,yes,yes,yes,no,3,1,2,1,1,1,2,7,10,10
96,96,Gabriel Pereira,Male,16,Rural,>3,Together,Higher education,Secondary education,services,other,reputation,mother,15 to 30 min,<2 hours,0,yes,yes,no,yes,no,yes,yes,no,3,3,3,1,1,4,2,11,15,15
97,97,Gabriel Pereira,Female,16,Urban,>3,Together,5-9th grade,Primary (4th grade),other,other,course,mother,<=15 min,2 to 5 hours,0,no,yes,yes,no,yes,yes,no,yes,4,3,5,1,1,5,2,8,9,10
98,98,Gabriel Pereira,Female,16,Urban,>3,Together,Higher education,Higher education,other,other,reputation,mother,<=15 min,<2 hours,0,no,no,no,yes,no,yes,yes,no,5,3,4,1,2,1,6,11,14,14
99,99,Gabriel Pereira,Female,16,Urban,>3,Together,Higher education,Secondary education,other,at_home,course,mother,<=15 min,5 to 10 hours,0,yes,yes,yes,no,yes,yes,yes,no,5,3,5,1,1,3,0,7,9,8
100,100,Gabriel Pereira,Male,16,Urban,>3,Together,Higher education,Higher education,services,services,other,mother,<=15 min,<2 hours,0,yes,yes,yes,yes,yes,yes,yes,no,4,5,5,5,5,4,14,7,7,5
101,101,Gabriel Pereira,Male,16,Urban,>3,Together,Higher education,Higher education,services,teacher,other,father,<=15 min,5 to 10 hours,0,no,yes,no,yes,yes,yes,yes,yes,4,4,3,1,1,4,0,16,17,17
102,102,Gabriel Pereira,Male,15,Urban,>3,Together,Higher education,Higher education,services,other,course,mother,<=15 min,<2 hours,0,no,yes,no,yes,no,yes,yes,no,5,3,3,1,1,5,4,10,13,14
103,103,Gabriel Pereira,Female,15,Urban,>3,Together,Secondary education,5-9th grade,services,other,home,mother,15 to 30 min,2 to 5 hours,0,yes,yes,yes,no,yes,yes,yes,no,4,3,5,1,1,2,26,7,6,6
104,104,Gabriel Pereira,Male,15,Urban,>3,Apart,Secondary education,Higher education,services,other,course,mother,<=15 min,2 to 5 hours,0,no,yes,yes,yes,yes,yes,yes,no,5,4,4,1,1,1,0,16,18,18
105,105,Gabriel Pereira,Female,15,Urban,>3,Apart,Secondary education,Secondary education,other,health,reputation,father,<=15 min,>10 hours,0,yes,no,no,no,yes,yes,no,no,4,3,3,1,1,4,10,10,11,11
106,106,Gabriel Pereira,Female,15,Urban,>3,Together,5-9th grade,5-9th grade,other,other,course,mother,<=15 min,>10 hours,0,yes,yes,yes,no,yes,yes,yes,no,5,1,2,1,1,3,8,7,8,8
107,107,Gabriel Pereira,Male,16,Urban,>3,Together,Secondary education,Secondary education,services,other,home,father,<=15 min,5 to 10 hours,0,no,yes,no,yes,yes,yes,yes,no,5,3,3,1,1,5,2,16,18,18
108,108,Gabriel Pereira,Male,15,Rural,>3,Together,Higher education,Higher education,other,other,home,father,>1 hour,>10 hours,0,no,yes,yes,yes,yes,yes,yes,yes,1,3,5,3,5,1,6,10,13,13
109,109,Gabriel Pereira,Female,16,Urban,<=3,Together,Higher education,Higher education,health,health,other,mother,<=15 min,5 to 10 hours,0,no,yes,yes,yes,yes,yes,yes,yes,5,4,5,1,1,4,4,14,15,16
110,110,Gabriel Pereira,Male,15,Urban,<=3,Apart,Higher education,Higher education,teacher,teacher,course,mother,<=15 min,<2 hours,0,no,no,no,yes,yes,yes,yes,no,5,5,3,1,1,4,6,18,19,19
111,111,Gabriel Pereira,Female,16,Rural,>3,Together,Secondary education,Secondary education,services,other,reputation,father,<=15 min,5 to 10 hours,1,yes,yes,no,yes,yes,yes,yes,no,4,1,2,1,1,2,0,7,10,10
112,112,Gabriel Pereira,Female,16,Urban,>3,Together,5-9th grade,5-9th grade,at_home,other,home,mother,<=15 min,2 to 5 hours,1,yes,no,no,yes,yes,yes,yes,no,3,1,2,1,1,5,6,10,13,13
113,113,Gabriel Pereira,Male,15,Urban,<=3,Together,Higher education,5-9th grade,teacher,other,course,mother,<=15 min,<2 hours,0,no,no,no,no,yes,yes,yes,no,3,5,2,1,1,3,10,18,19,19
114,114,Gabriel Pereira,Male,15,Rural,>3,Together,5-9th grade,Primary (4th grade),health,services,reputation,mother,<=15 min,2 to 5 hours,0,no,no,no,yes,yes,yes,yes,yes,5,4,2,1,1,5,8,9,9,9
115,115,Gabriel Pereira,Male,16,Urban,>3,Together,Higher education,Higher education,teacher,teacher,course,father,<=15 min,2 to 5 hours,0,no,yes,no,yes,yes,yes,yes,no,5,4,4,1,2,5,2,15,15,16
116,116,Gabriel Pereira,Male,15,Urban,>3,Together,Higher education,Higher education,other,teacher,reputation,father,15 to 30 min,2 to 5 hours,0,no,yes,no,yes,yes,yes,no,no,4,4,3,1,1,2,2,11,13,14
117,117,Gabriel Pereira,Male,16,Urban,>3,Together,Secondary education,Secondary education,other,services,home,father,15 to 30 min,<2 hours,0,no,no,no,yes,yes,yes,yes,no,5,4,2,1,1,5,0,13,14,13
118,118,Gabriel Pereira,Male,17,Rural,>3,Together,Primary (4th grade),Secondary education,other,other,course,father,30 min. to 1 hour,2 to 5 hours,1,no,yes,no,yes,yes,yes,yes,no,5,2,4,1,4,5,20,9,7,8
119,119,Gabriel Pereira,Male,15,Urban,>3,Together,Secondary education,Higher education,other,other,reputation,father,<=15 min,<2 hours,0,no,no,no,no,yes,yes,yes,no,3,4,3,1,2,4,6,14,13,13
120,120,Gabriel Pereira,Female,15,Urban,>3,Together,Primary (4th grade),5-9th grade,at_home,services,course,mother,<=15 min,2 to 5 hours,0,no,no,no,no,no,yes,yes,no,3,2,3,1,2,1,2,16,15,15
121,121,Gabriel Pereira,Male,15,Urban,>3,Together,5-9th grade,5-9th grade,services,services,home,father,<=15 min,>10 hours,0,no,yes,yes,yes,yes,yes,yes,no,5,5,4,1,2,5,6,16,14,15
122,122,Gabriel Pereira,Female,16,Urban,<=3,Together,5-9th grade,Higher education,other,health,course,father,15 to 30 min,2 to 5 hours,0,no,yes,yes,yes,yes,yes,yes,yes,4,2,2,1,2,5,2,13,13,13
123,123,Gabriel Pereira,Male,16,Urban,>3,Together,Higher education,Higher education,health,other,course,mother,<=15 min,<2 hours,0,no,yes,no,yes,yes,yes,yes,no,3,4,4,1,4,5,18,14,11,13
124,124,Gabriel Pereira,Female,16,Urban,>3,Together,5-9th grade,5-9th grade,other,other,home,mother,<=15 min,2 to 5 hours,0,no,no,yes,no,yes,yes,yes,yes,5,4,4,1,1,5,0,8,7,8
125,125,Gabriel Pereira,Male,15,Urban,>3,Together,Secondary education,Higher education,services,services,home,father,<=15 min,<2 hours,0,yes,no,no,no,yes,yes,yes,no,5,5,5,3,2,5,0,13,13,12
126,126,Gabriel Pereira,Female,15,Urban,<=3,Apart,Secondary education,Higher education,other,other,home,mother,<=15 min,2 to 5 hours,0,yes,no,no,yes,yes,yes,yes,yes,5,3,2,1,1,1,0,7,10,11
127,127,Gabriel Pereira,Female,19,Urban,>3,Together,No education,Primary (4th grade),at_home,other,course,other,<=15 min,2 to 5 hours,3,no,yes,no,no,no,no,no,no,3,4,2,1,1,5,2,7,8,9
128,128,Gabriel Pereira,Male,18,Rural,>3,Together,5-9th grade,5-9th grade,services,other,reputation,mother,<=15 min,<2 hours,2,no,yes,no,yes,yes,yes,yes,no,3,3,3,1,2,4,0,7,4,0
129,129,Gabriel Pereira,Male,16,Rural,>3,Together,Higher education,Higher education,teacher,teacher,course,mother,<=15 min,<2 hours,0,no,no,yes,yes,yes,yes,yes,no,3,5,5,2,5,4,8,18,18,18
130,130,Gabriel Pereira,Female,15,Rural,>3,Together,Secondary education,Higher education,services,teacher,course,father,15 to 30 min,5 to 10 hours,2,no,yes,no,no,yes,yes,yes,yes,4,2,2,2,2,5,0,12,0,0
131,131,Gabriel Pereira,Female,15,Urban,>3,Together,Primary (4th grade),Primary (4th grade),at_home,other,course,mother,30 min. to 1 hour,<2 hours,0,no,yes,no,yes,no,yes,yes,yes,4,3,3,1,2,4,0,8,0,0
132,132,Gabriel Pereira,Female,17,Urban,<=3,Together,5-9th grade,5-9th grade,other,other,course,father,<=15 min,<2 hours,0,no,yes,no,no,yes,yes,yes,yes,3,4,4,1,3,5,12,10,13,12
133,133,Gabriel Pereira,Female,16,Urban,>3,Apart,Secondary education,Higher education,services,other,course,father,<=15 min,<2 hours,0,no,no,no,no,yes,yes,yes,no,3,2,1,1,4,5,16,12,11,11
134,134,Gabriel Pereira,Male,15,Rural,>3,Together,Secondary education,Higher education,at_home,teacher,course,mother,>1 hour,2 to 5 hours,0,no,yes,no,no,yes,yes,no,yes,5,3,3,1,1,5,0,9,0,0
135,135,Gabriel Pereira,Female,15,Urban,>3,Together,Higher education,Higher education,services,at_home,course,mother,<=15 min,5 to 10 hours,0,no,yes,no,yes,yes,yes,yes,yes,4,3,3,1,1,5,0,11,0,0
136,136,Gabriel Pereira,Male,17,Rural,>3,Together,Secondary education,Higher education,at_home,other,course,mother,30 min. to 1 hour,2 to 5 hours,0,no,no,no,no,yes,yes,no,no,5,4,5,2,4,5,0,10,0,0
137,137,Gabriel Pereira,Female,16,Urban,>3,Apart,Secondary education,Secondary education,other,other,course,other,15 to 30 min,<2 hours,2,no,yes,no,yes,no,yes,yes,yes,4,3,2,1,1,5,0,4,0,0
138,138,Gabriel Pereira,Male,16,Urban,<=3,Together,Primary (4th grade),Primary (4th grade),services,other,course,mother,<=15 min,2 to 5 hours,1,no,no,no,no,yes,yes,no,yes,4,4,4,1,3,5,0,14,12,12
139,139,Gabriel Pereira,Female,15,Urban,>3,Together,Higher education,Higher education,teacher,teacher,course,mother,15 to 30 min,<2 hours,0,no,no,no,yes,yes,yes,yes,no,4,3,2,1,1,5,0,16,16,15
140,140,Gabriel Pereira,Male,15,Urban,>3,Together,Higher education,Secondary education,teacher,services,course,father,15 to 30 min,>10 hours,0,yes,yes,no,no,yes,yes,yes,no,2,2,2,1,1,3,0,7,9,0
141,141,Gabriel Pereira,Male,16,Urban,<=3,Together,5-9th grade,5-9th grade,services,services,reputation,father,15 to 30 min,<2 hours,2,no,yes,no,yes,yes,yes,yes,no,2,3,3,2,2,2,8,9,9,9
142,142,Gabriel Pereira,Female,15,Urban,>3,Together,Higher education,Higher education,teacher,services,course,mother,<=15 min,5 to 10 hours,0,no,yes,yes,yes,yes,yes,yes,no,4,2,2,1,1,5,2,9,11,11
143,143,Gabriel Pereira,Female,16,Urban,<=3,Together,Primary (4th grade),Primary (4th grade),at_home,at_home,course,mother,<=15 min,<2 hours,0,no,no,no,no,yes,yes,yes,no,3,4,4,3,3,1,2,14,14,13
144,144,Gabriel Pereira,Male,17,Urban,>3,Together,5-9th grade,Primary (4th grade),other,other,home,mother,<=15 min,<2 hours,3,no,yes,no,no,yes,yes,yes,no,5,4,5,1,2,5,0,5,0,0
145,145,Gabriel Pereira,Female,15,Urban,>3,Together,Primary (4th grade),Primary (4th grade),other,services,course,father,<=15 min,2 to 5 hours,0,no,yes,yes,no,yes,yes,yes,no,4,4,2,1,2,5,0,8,11,11
146,146,Gabriel Pereira,Female,15,Urban,>3,Together,Secondary education,5-9th grade,health,services,home,father,<=15 min,2 to 5 hours,3,no,yes,no,no,yes,yes,yes,no,3,3,2,1,1,3,0,6,7,0
147,147,Gabriel Pereira,Female,15,Urban,>3,Together,Primary (4th grade),5-9th grade,at_home,other,course,mother,<=15 min,2 to 5 hours,0,no,yes,yes,no,no,yes,yes,no,4,3,2,1,1,5,2,10,11,11
148,148,Gabriel Pereira,Male,16,Urban,>3,Together,Higher education,Higher education,teacher,teacher,course,mother,<=15 min,<2 hours,0,no,yes,no,no,yes,no,yes,yes,3,3,2,2,1,5,0,7,6,0
149,149,Gabriel Pereira,Male,15,Urban,<=3,Apart,5-9th grade,Primary (4th grade),services,other,course,mother,>1 hour,<2 hours,3,no,no,no,no,yes,yes,yes,no,4,5,5,2,5,5,0,8,9,10
150,150,Gabriel Pereira,Male,18,Urban,<=3,Together,Primary (4th grade),Primary (4th grade),other,other,course,mother,<=15 min,<2 hours,3,no,no,no,no,yes,no,yes,yes,2,3,5,2,5,4,0,6,5,0
151,151,Gabriel Pereira,Male,16,Urban,<=3,Together,5-9th grade,Primary (4th grade),at_home,other,course,mother,<=15 min,<2 hours,1,no,no,no,yes,yes,yes,no,yes,4,4,4,3,5,5,6,12,13,14
152,152,Gabriel Pereira,Female,15,Rural,>3,Together,Secondary education,Secondary education,services,services,reputation,other,15 to 30 min,5 to 10 hours,2,no,yes,yes,yes,yes,yes,yes,yes,4,2,1,2,3,3,8,10,10,10
153,153,Gabriel Pereira,Male,19,Urban,>3,Together,Secondary education,5-9th grade,services,at_home,home,mother,<=15 min,<2 hours,3,no,yes,no,no,yes,no,yes,yes,4,5,4,1,1,4,0,5,0,0
154,154,Gabriel Pereira,Female,17,Urban,>3,Together,Higher education,Higher education,other,teacher,course,mother,<=15 min,<2 hours,0,yes,yes,no,no,yes,yes,no,yes,4,2,1,1,1,4,0,11,11,12
155,155,Gabriel Pereira,Male,15,Rural,>3,Together,5-9th grade,Secondary education,at_home,services,course,mother,<=15 min,2 to 5 hours,0,yes,no,yes,yes,yes,yes,no,no,4,4,4,1,1,1,2,11,8,8
156,156,Gabriel Pereira,Male,17,Rural,<=3,Together,Primary (4th grade),5-9th grade,other,other,reputation,mother,<=15 min,<2 hours,0,no,no,no,no,yes,yes,no,no,2,2,2,3,3,5,8,16,12,13
157,157,Gabriel Pereira,Female,18,Rural,>3,Together,Primary (4th grade),Primary (4th grade),at_home,other,course,mother,30 min. to 1 hour,<2 hours,3,no,yes,no,yes,no,yes,no,no,5,2,5,1,5,4,6,9,8,10
158,158,Gabriel Pereira,Male,16,Rural,>3,Together,5-9th grade,5-9th grade,at_home,other,course,mother,30 min. to 1 hour,<2 hours,0,no,no,no,no,no,yes,no,no,4,2,2,1,2,3,2,17,15,15
159,159,Gabriel Pereira,Male,16,Urban,>3,Together,Secondary education,Secondary education,other,services,course,father,<=15 min,2 to 5 hours,1,no,yes,yes,no,yes,yes,yes,yes,4,5,5,4,4,5,4,10,12,12
160,160,Gabriel Pereira,Male,17,Rural,<=3,Together,5-9th grade,Primary (4th grade),at_home,other,course,mother,15 to 30 min,<2 hours,2,no,no,no,yes,yes,no,yes,yes,3,3,2,2,2,5,0,7,6,0
161,161,Gabriel Pereira,Male,15,Rural,>3,Together,Secondary education,5-9th grade,other,other,course,mother,15 to 30 min,2 to 5 hours,2,yes,yes,no,no,yes,yes,yes,yes,4,4,4,1,4,3,6,5,9,7
162,162,Gabriel Pereira,Male,16,Urban,<=3,Together,Primary (4th grade),5-9th grade,other,other,course,mother,15 to 30 min,<2 hours,1,no,no,no,yes,yes,yes,no,no,4,4,4,2,4,5,0,7,0,0
163,163,Gabriel Pereira,Male,17,Urban,>3,Together,Primary (4th grade),Secondary education,at_home,services,course,father,<=15 min,<2 hours,0,no,no,no,no,yes,no,yes,no,5,3,3,1,4,2,2,10,10,10
164,164,Gabriel Pereira,Male,17,Rural,<=3,Together,Primary (4th grade),Primary (4th grade),other,services,course,mother,>1 hour,2 to 5 hours,3,no,no,no,yes,yes,no,no,yes,5,3,5,1,5,5,0,5,8,7
165,165,Gabriel Pereira,Male,16,Urban,>3,Together,Secondary education,5-9th grade,services,services,course,mother,15 to 30 min,<2 hours,1,no,yes,no,yes,no,no,no,no,4,5,2,1,1,2,16,12,11,12
166,166,Gabriel Pereira,Male,16,Urban,>3,Together,5-9th grade,5-9th grade,other,other,course,father,<=15 min,2 to 5 hours,0,no,no,no,no,yes,no,yes,no,4,3,5,2,4,4,4,10,10,10
167,167,Gabriel Pereira,Female,16,Urban,>3,Together,Higher education,5-9th grade,health,services,home,father,<=15 min,2 to 5 hours,0,no,no,yes,no,yes,yes,yes,yes,4,2,3,1,1,3,0,14,15,16
168,168,Gabriel Pereira,Female,16,Urban,>3,Together,5-9th grade,5-9th grade,other,other,home,mother,<=15 min,2 to 5 hours,0,no,yes,yes,no,no,yes,yes,no,5,1,5,1,1,4,0,6,7,0
169,169,Gabriel Pereira,Female,16,Urban,>3,Together,Higher education,Higher education,health,health,reputation,mother,<=15 min,2 to 5 hours,0,no,yes,yes,no,yes,yes,yes,yes,4,4,2,1,1,3,0,14,14,14
170,170,Gabriel Pereira,Male,16,Urban,>3,Together,Secondary education,Higher education,other,other,course,father,30 min. to 1 hour,<2 hours,2,no,yes,no,yes,no,yes,yes,no,3,4,5,2,4,2,0,6,5,0
171,171,Gabriel Pereira,Male,16,Urban,>3,Together,Primary (4th grade),No education,other,other,reputation,mother,15 to 30 min,2 to 5 hours,0,no,yes,yes,yes,yes,yes,yes,yes,4,3,2,1,1,3,2,13,15,16
172,172,Gabriel Pereira,Male,17,Urban,<=3,Together,Higher education,Higher education,teacher,other,reputation,mother,<=15 min,2 to 5 hours,0,no,yes,yes,yes,yes,yes,yes,no,4,4,4,1,3,5,0,13,11,10
173,173,Gabriel Pereira,Female,16,Urban,>3,Together,Primary (4th grade),Secondary education,at_home,services,home,mother,<=15 min,2 to 5 hours,3,no,no,no,yes,no,yes,yes,yes,4,3,5,1,1,3,0,8,7,0
174,174,Gabriel Pereira,Female,16,Urban,<=3,Together,Secondary education,Secondary education,other,other,reputation,mother,15 to 30 min,2 to 5 hours,0,no,yes,yes,yes,yes,yes,yes,no,4,4,5,1,1,4,4,10,11,9
175,175,Gabriel Pereira,Male,17,Urban,<=3,Together,Higher education,Secondary education,teacher,other,course,mother,15 to 30 min,2 to 5 hours,0,no,no,yes,yes,yes,yes,yes,no,4,4,4,4,4,4,4,10,9,9
176,176,Gabriel Pereira,Female,16,Urban,>3,Together,5-9th grade,5-9th grade,services,other,reputation,mother,15 to 30 min,2 to 5 hours,0,no,no,yes,yes,no,yes,yes,no,3,4,4,1,4,5,2,13,13,11
177,177,Gabriel Pereira,Male,17,Urban,>3,Together,Secondary education,Secondary education,other,other,reputation,father,<=15 min,2 to 5 hours,0,no,no,no,yes,no,yes,yes,no,4,3,4,1,4,4,4,6,5,6
178,178,Gabriel Pereira,Male,16,Rural,>3,Together,Higher education,5-9th grade,teacher,services,other,mother,<=15 min,<2 hours,0,no,yes,no,yes,yes,yes,yes,yes,4,3,3,3,4,3,10,10,8,9
179,179,Gabriel Pereira,Male,17,Urban,>3,Together,Higher education,Secondary education,other,other,course,mother,<=15 min,2 to 5 hours,0,no,yes,no,yes,yes,yes,yes,yes,5,2,3,1,1,2,4,10,10,11
180,180,Gabriel Pereira,Male,16,Urban,>3,Together,Higher education,Secondary education,teacher,other,home,mother,<=15 min,2 to 5 hours,0,no,yes,yes,yes,yes,yes,yes,no,3,4,3,2,3,3,10,9,8,8
181,181,Gabriel Pereira,Male,16,Urban,>3,Together,Secondary education,Secondary education,services,other,home,mother,<=15 min,2 to 5 hours,0,no,no,yes,yes,yes,yes,yes,yes,4,2,3,1,2,3,2,12,13,12
182,182,Gabriel Pereira,Female,17,Urban,>3,Together,5-9th grade,Higher education,services,services,reputation,father,<=15 min,2 to 5 hours,0,no,yes,no,yes,yes,yes,no,no,5,4,2,2,3,5,0,16,17,17
183,183,Gabriel Pereira,Female,17,Urban,<=3,Together,Secondary education,Secondary education,other,other,reputation,mother,<=15 min,2 to 5 hours,0,no,yes,no,yes,yes,yes,yes,yes,5,3,3,2,3,1,56,9,9,8
184,184,Gabriel Pereira,Female,16,Urban,>3,Together,Secondary education,5-9th grade,other,other,reputation,mother,<=15 min,2 to 5 hours,0,no,yes,yes,no,yes,yes,yes,no,1,2,2,1,2,1,14,12,13,12
185,185,Gabriel Pereira,Male,17,Urban,>3,Together,Secondary education,Secondary education,services,services,other,mother,<=15 min,2 to 5 hours,0,no,yes,no,yes,yes,yes,yes,yes,4,3,4,2,3,4,12,12,12,11
186,186,Gabriel Pereira,Male,16,Urban,>3,Together,Primary (4th grade),5-9th grade,services,services,other,mother,<=15 min,<2 hours,0,no,yes,yes,yes,yes,yes,yes,yes,3,3,3,1,2,3,2,11,12,11
187,187,Gabriel Pereira,Male,16,Urban,<=3,Together,5-9th grade,Primary (4th grade),other,other,course,mother,<=15 min,2 to 5 hours,0,no,no,yes,yes,yes,yes,yes,yes,4,2,3,1,2,5,0,15,15,15
188,188,Gabriel Pereira,Female,17,Urban,>3,Apart,Secondary education,Secondary education,health,other,reputation,mother,<=15 min,2 to 5 hours,0,no,yes,no,no,no,yes,yes,yes,3,3,3,1,3,3,6,8,7,9
189,189,Gabriel Pereira,Male,17,Rural,>3,Together,Primary (4th grade),5-9th grade,at_home,other,home,mother,<=15 min,2 to 5 hours,0,no,no,no,no,yes,yes,no,no,3,1,3,1,5,3,4,8,9,10
190,190,Gabriel Pereira,Female,16,Urban,>3,Together,5-9th grade,Secondary education,services,services,course,mother,<=15 min,2 to 5 hours,0,no,no,no,no,yes,yes,yes,no,4,3,3,1,1,2,10,11,12,13
191,191,Gabriel Pereira,Female,17,Urban,>3,Together,Primary (4th grade),Primary (4th grade),at_home,services,course,mother,<=15 min,2 to 5 hours,0,no,no,no,yes,yes,yes,yes,no,5,3,3,1,1,3,0,8,8,9
192,192,Gabriel Pereira,Male,17,Urban,>3,Together,Primary (4th grade),5-9th grade,at_home,services,other,other,15 to 30 min,2 to 5 hours,0,no,no,yes,yes,no,yes,yes,no,4,4,4,4,5,5,12,7,8,8
193,193,Gabriel Pereira,Male,16,Rural,>3,Together,Secondary education,Secondary education,services,services,reputation,mother,<=15 min,<2 hours,0,no,yes,no,yes,yes,yes,yes,no,4,3,2,3,4,5,8,8,9,10
194,194,Gabriel Pereira,Male,16,Urban,>3,Together,5-9th grade,Secondary education,other,other,home,father,15 to 30 min,<2 hours,0,no,no,no,no,yes,yes,yes,no,5,3,3,1,1,3,0,13,14,14
195,195,Gabriel Pereira,Female,17,Urban,<=3,Together,5-9th grade,Higher education,services,services,course,father,<=15 min,2 to 5 hours,0,no,no,no,yes,yes,yes,yes,yes,4,3,2,1,1,5,0,14,15,15
196,196,Gabriel Pereira,Male,17,Urban,>3,Together,Higher education,Higher education,services,teacher,home,mother,<=15 min,<2 hours,0,no,no,no,no,yes,yes,yes,no,5,2,3,1,2,5,4,17,15,16
197,197,Gabriel Pereira,Male,16,Rural,<=3,Together,Secondary education,Secondary education,teacher,other,home,father,30 min. to 1 hour,<2 hours,0,no,yes,yes,yes,yes,yes,yes,no,3,3,4,3,5,3,8,9,9,10
198,198,Gabriel Pereira,Female,17,Urban,>3,Together,Higher education,Higher education,services,teacher,home,mother,15 to 30 min,<2 hours,1,no,yes,no,no,yes,yes,yes,no,4,2,4,2,3,2,24,18,18,18
199,199,Gabriel Pereira,Female,16,Urban,<=3,Together,Higher education,Higher education,teacher,teacher,reputation,mother,<=15 min,2 to 5 hours,0,no,yes,yes,no,yes,yes,yes,no,4,5,2,1,2,3,0,9,9,10
200,200,Gabriel Pereira,Female,16,Urban,>3,Together,Higher education,Secondary education,health,other,home,mother,<=15 min,2 to 5 hours,0,no,yes,no,yes,yes,yes,yes,no,4,3,5,1,5,2,2,16,16,16
201,201,Gabriel Pereira,Female,16,Urban,>3,Together,5-9th grade,Secondary education,other,other,reputation,mother,<=15 min,2 to 5 hours,0,yes,yes,yes,yes,yes,yes,no,no,4,4,3,1,3,4,6,8,10,10
202,202,Gabriel Pereira,Female,17,Urban,>3,Together,Primary (4th grade),Primary (4th grade),other,other,course,mother,<=15 min,2 to 5 hours,0,no,yes,yes,no,no,yes,no,no,4,4,4,1,3,1,4,9,9,10
203,203,Gabriel Pereira,Female,17,Rural,>3,Together,5-9th grade,5-9th grade,other,other,reputation,mother,<=15 min,<2 hours,0,no,yes,no,no,yes,yes,yes,no,5,3,2,1,2,3,18,7,6,6
204,204,Gabriel Pereira,Female,16,Rural,>3,Together,5-9th grade,5-9th grade,services,services,reputation,mother,15 to 30 min,>10 hours,0,no,yes,yes,yes,no,yes,yes,no,5,3,5,1,1,5,6,10,10,11
205,205,Gabriel Pereira,Female,17,Urban,>3,Together,Secondary education,Higher education,at_home,services,home,mother,<=15 min,5 to 10 hours,1,no,yes,yes,no,yes,yes,yes,yes,4,4,3,3,4,5,28,10,9,9
206,206,Gabriel Pereira,Female,16,Urban,>3,Apart,Secondary education,Primary (4th grade),services,other,course,mother,<=15 min,2 to 5 hours,3,no,yes,yes,no,yes,yes,yes,no,2,3,3,2,2,4,5,7,7,7
207,207,Gabriel Pereira,Female,16,Urban,>3,Together,Higher education,Secondary education,teacher,other,other,mother,<=15 min,2 to 5 hours,0,no,no,yes,yes,yes,yes,yes,yes,1,3,2,1,1,1,10,11,12,13
208,208,Gabriel Pereira,Female,16,Urban,>3,Together,Primary (4th grade),Primary (4th grade),at_home,other,home,mother,15 to 30 min,<2 hours,0,no,yes,yes,no,yes,yes,no,no,4,3,2,1,4,5,6,9,9,10
209,209,Gabriel Pereira,Female,17,Rural,>3,Together,Higher education,Secondary education,teacher,other,reputation,mother,15 to 30 min,5 to 10 hours,0,no,yes,yes,yes,yes,yes,yes,yes,4,4,2,1,1,4,6,7,7,7
210,210,Gabriel Pereira,Female,19,Urban,>3,Together,Secondary education,Secondary education,other,other,reputation,other,<=15 min,>10 hours,0,no,yes,yes,yes,yes,yes,yes,no,4,3,3,1,2,3,10,8,8,8
211,211,Gabriel Pereira,Male,17,Urban,<=3,Together,Higher education,Higher education,services,other,home,mother,<=15 min,2 to 5 hours,0,no,yes,yes,no,yes,yes,yes,yes,5,3,5,4,5,3,13,12,12,13
212,212,Gabriel Pereira,Female,16,Urban,>3,Apart,5-9th grade,5-9th grade,other,other,reputation,mother,<=15 min,2 to 5 hours,0,yes,yes,yes,no,yes,yes,yes,no,3,3,4,1,1,4,0,12,13,14
213,213,Gabriel Pereira,Male,18,Urban,>3,Together,5-9th grade,5-9th grade,services,other,home,mother,<=15 min,2 to 5 hours,1,no,yes,yes,yes,yes,yes,yes,no,4,4,4,2,4,5,15,6,7,8
214,214,Gabriel Pereira,Female,17,Rural,<=3,Together,Higher education,Higher education,services,other,other,mother,<=15 min,<2 hours,0,no,yes,yes,no,yes,yes,no,no,5,2,1,1,2,3,12,8,10,10
215,215,Gabriel Pereira,Female,17,Urban,<=3,Together,Secondary education,5-9th grade,other,other,reputation,mother,15 to 30 min,2 to 5 hours,0,no,no,yes,no,yes,yes,yes,no,4,4,4,1,3,1,2,14,15,15
216,216,Gabriel Pereira,Female,17,Urban,>3,Together,Higher education,Secondary education,other,other,reputation,mother,<=15 min,2 to 5 hours,2,no,no,yes,no,yes,yes,yes,yes,3,4,5,2,4,1,22,6,6,4
217,217,Gabriel Pereira,Male,18,Urban,<=3,Together,Secondary education,Secondary education,services,health,home,father,<=15 min,2 to 5 hours,1,no,yes,yes,no,yes,yes,yes,no,3,2,4,2,4,4,13,6,6,8
218,218,Gabriel Pereira,Female,17,Urban,>3,Together,5-9th grade,Secondary education,at_home,other,home,father,15 to 30 min,<2 hours,0,no,yes,yes,no,yes,yes,no,no,3,3,3,1,4,3,3,7,7,8
219,219,Gabriel Pereira,Female,17,Urban,>3,Together,5-9th grade,5-9th grade,at_home,at_home,course,mother,<=15 min,5 to 10 hours,0,no,yes,yes,yes,yes,yes,yes,no,4,3,3,1,1,4,4,9,10,10
220,220,Gabriel Pereira,Female,17,Rural,>3,Together,5-9th grade,Primary (4th grade),at_home,services,reputation,mother,15 to 30 min,2 to 5 hours,0,no,yes,no,yes,yes,yes,yes,no,4,2,5,1,2,5,2,6,6,6
221,221,Gabriel Pereira,Female,17,Urban,>3,Together,Primary (4th grade),Primary (4th grade),at_home,other,reputation,mother,<=15 min,5 to 10 hours,1,no,yes,no,yes,yes,yes,no,yes,4,3,4,1,1,5,0,6,5,0
222,222,Gabriel Pereira,Female,16,Urban,>3,Together,5-9th grade,Secondary education,services,teacher,other,mother,<=15 min,2 to 5 hours,0,yes,no,no,no,yes,yes,yes,no,2,3,1,1,1,3,2,16,16,17
223,223,Gabriel Pereira,Male,18,Urban,>3,Together,5-9th grade,5-9th grade,other,other,home,mother,15 to 30 min,2 to 5 hours,0,no,yes,yes,no,yes,yes,yes,no,3,3,3,5,5,4,0,12,13,13
224,224,Gabriel Pereira,Female,16,Urban,>3,Together,Higher education,Higher education,teacher,services,home,mother,<=15 min,5 to 10 hours,0,no,yes,no,yes,no,yes,yes,no,5,3,2,1,1,5,0,13,13,14
225,225,Gabriel Pereira,Female,18,Rural,>3,Together,Secondary education,Primary (4th grade),other,other,reputation,mother,<=15 min,2 to 5 hours,1,no,no,no,yes,yes,yes,yes,yes,5,3,3,1,1,4,16,9,8,7
226,226,Gabriel Pereira,Female,17,Urban,>3,Together,Secondary education,5-9th grade,other,other,course,mother,<=15 min,2 to 5 hours,0,no,no,no,yes,no,yes,yes,no,5,3,4,1,3,3,10,16,15,15
227,227,Gabriel Pereira,Male,17,Urban,<=3,Together,5-9th grade,Secondary education,services,services,reputation,father,<=15 min,2 to 5 hours,0,no,yes,yes,no,no,yes,yes,no,5,3,3,1,3,3,2,12,11,12
228,228,Gabriel Pereira,Male,18,Urban,<=3,Together,5-9th grade,Primary (4th grade),at_home,other,course,mother,>1 hour,2 to 5 hours,0,yes,yes,yes,yes,yes,yes,yes,yes,4,3,2,4,5,3,14,10,8,9
229,229,Gabriel Pereira,Female,17,Urban,>3,Apart,5-9th grade,Primary (4th grade),other,other,course,mother,15 to 30 min,5 to 10 hours,0,no,no,no,yes,yes,yes,yes,yes,3,2,3,1,2,3,10,12,10,12
230,230,Gabriel Pereira,Female,17,Urban,<=3,Together,Higher education,Secondary education,health,other,reputation,father,<=15 min,2 to 5 hours,0,no,no,no,yes,yes,yes,yes,yes,3,2,3,1,2,3,14,13,13,14
231,231,Gabriel Pereira,Male,17,Rural,>3,Together,5-9th grade,5-9th grade,other,other,course,father,15 to 30 min,2 to 5 hours,0,no,yes,yes,yes,yes,yes,yes,no,4,5,2,1,1,1,4,11,11,11
232,232,Gabriel Pereira,Male,17,Urban,>3,Together,Higher education,Higher education,teacher,teacher,reputation,mother,<=15 min,2 to 5 hours,0,yes,yes,no,yes,yes,yes,yes,yes,4,5,5,1,3,2,14,11,9,9
233,233,Gabriel Pereira,Male,16,Urban,>3,Together,Higher education,Higher education,health,other,reputation,father,<=15 min,2 to 5 hours,0,no,yes,yes,yes,yes,yes,yes,no,4,2,4,2,4,1,2,14,13,13
234,234,Gabriel Pereira,Male,16,Urban,<=3,Together,Primary (4th grade),Primary (4th grade),other,other,home,mother,15 to 30 min,2 to 5 hours,0,no,yes,yes,no,yes,yes,yes,no,3,4,2,1,1,5,18,9,7,6
235,235,Gabriel Pereira,Male,16,Urban,>3,Together,Secondary education,5-9th grade,at_home,other,reputation,mother,15 to 30 min,5 to 10 hours,0,no,no,no,yes,yes,yes,yes,yes,5,3,3,1,3,2,10,11,9,10
236,236,Gabriel Pereira,Male,17,Urban,<=3,Together,5-9th grade,5-9th grade,other,other,home,father,<=15 min,2 to 5 hours,0,no,no,yes,yes,no,yes,yes,yes,4,4,2,5,5,4,4,14,13,13
237,237,Gabriel Pereira,Female,16,Urban,>3,Together,5-9th grade,Primary (4th grade),other,other,home,mother,<=15 min,<2 hours,0,no,no,no,no,yes,yes,yes,yes,4,5,2,1,1,5,20,13,12,12
238,238,Gabriel Pereira,Female,17,Rural,>3,Together,5-9th grade,Primary (4th grade),at_home,services,course,mother,30 min. to 1 hour,2 to 5 hours,0,no,no,no,yes,yes,yes,no,no,2,1,1,1,1,3,2,13,11,11
239,239,Gabriel Pereira,Male,18,Urban,>3,Together,5-9th grade,5-9th grade,other,services,reputation,father,<=15 min,2 to 5 hours,1,no,no,no,no,yes,no,yes,no,5,5,4,3,5,2,0,7,7,0
240,240,Gabriel Pereira,Male,17,Urban,<=3,Together,Higher education,Secondary education,health,other,course,mother,15 to 30 min,2 to 5 hours,0,no,no,no,yes,yes,yes,yes,yes,2,5,5,1,4,5,14,12,12,12
241,241,Gabriel Pereira,Male,17,Rural,<=3,Apart,Higher education,Higher education,teacher,other,course,mother,15 to 30 min,2 to 5 hours,0,no,yes,yes,no,yes,yes,yes,no,3,3,3,2,3,4,2,10,11,12
242,242,Gabriel Pereira,Male,16,Urban,<=3,Together,Higher education,Secondary education,teacher,other,course,mother,<=15 min,<2 hours,0,no,no,no,yes,no,yes,yes,no,5,4,5,1,1,3,0,6,0,0
243,243,Gabriel Pereira,Male,16,Urban,>3,Together,Higher education,Higher education,services,services,course,mother,<=15 min,<2 hours,0,no,no,no,yes,yes,yes,yes,no,5,3,2,1,2,5,0,13,12,12
244,244,Gabriel Pereira,Female,18,Urban,>3,Together,5-9th grade,Primary (4th grade),other,other,course,other,15 to 30 min,5 to 10 hours,0,no,yes,yes,no,no,yes,yes,yes,4,4,4,1,1,3,0,7,0,0
245,245,Gabriel Pereira,Male,16,Urban,>3,Together,5-9th grade,Primary (4th grade),other,other,course,mother,30 min. to 1 hour,<2 hours,0,no,no,no,no,yes,yes,yes,no,4,3,3,1,1,4,6,18,18,18
246,246,Gabriel Pereira,Male,17,Urban,>3,Together,5-9th grade,Secondary education,other,other,course,father,15 to 30 min,<2 hours,0,no,no,no,no,yes,yes,yes,no,5,2,2,1,1,2,4,12,12,13
247,247,Gabriel Pereira,Male,22,Urban,>3,Together,Secondary education,Primary (4th grade),services,services,other,mother,<=15 min,<2 hours,3,no,no,no,no,no,no,yes,yes,5,4,5,5,5,1,16,6,8,8
248,248,Gabriel Pereira,Male,18,Rural,<=3,Together,Secondary education,Secondary education,other,services,course,mother,<=15 min,2 to 5 hours,1,no,yes,no,no,yes,yes,yes,yes,4,3,3,1,3,5,8,3,5,5
249,249,Gabriel Pereira,Male,16,Urban,>3,Together,No education,5-9th grade,other,other,other,mother,<=15 min,<2 hours,0,no,no,yes,no,no,yes,yes,no,4,3,2,2,4,5,0,13,15,15
250,250,Gabriel Pereira,Male,18,Urban,>3,Together,Secondary education,5-9th grade,services,other,course,mother,15 to 30 min,<2 hours,1,no,no,no,no,yes,no,yes,no,4,4,5,2,4,5,0,6,8,8
251,251,Gabriel Pereira,Male,16,Urban,>3,Together,Secondary education,Secondary education,at_home,other,reputation,other,30 min. to 1 hour,2 to 5 hours,0,yes,yes,no,no,no,yes,yes,no,5,3,3,1,3,2,6,7,10,10
252,252,Gabriel Pereira,Male,18,Urban,>3,Together,5-9th grade,Primary (4th grade),services,services,other,mother,<=15 min,<2 hours,1,no,no,no,no,no,no,yes,no,3,2,5,2,5,5,4,6,9,8
253,253,Gabriel Pereira,Male,16,Rural,>3,Together,5-9th grade,Primary (4th grade),other,other,course,mother,15 to 30 min,<2 hours,0,no,no,no,yes,no,yes,no,no,3,3,2,1,3,3,0,8,9,8
254,254,Gabriel Pereira,Male,17,Rural,>3,Together,5-9th grade,Primary (4th grade),other,other,course,mother,<=15 min,<2 hours,0,no,no,no,no,no,yes,yes,no,4,4,2,2,4,5,0,8,12,12
255,255,Gabriel Pereira,Male,17,Urban,<=3,Together,Primary (4th grade),Primary (4th grade),health,other,course,mother,15 to 30 min,<2 hours,1,no,yes,no,yes,yes,yes,yes,no,4,4,4,1,2,5,2,7,9,8
256,256,Gabriel Pereira,Female,17,Urban,<=3,Together,Higher education,5-9th grade,teacher,services,reputation,mother,<=15 min,>10 hours,0,no,yes,yes,yes,yes,yes,yes,no,4,2,3,1,1,4,6,14,12,13
257,257,Gabriel Pereira,Male,19,Urban,<=3,Apart,Higher education,Secondary education,services,at_home,reputation,mother,<=15 min,2 to 5 hours,0,no,yes,no,no,yes,yes,yes,no,4,3,1,1,1,1,12,11,11,11
258,258,Gabriel Pereira,Male,18,Urban,>3,Together,5-9th grade,Primary (4th grade),other,other,home,mother,<=15 min,2 to 5 hours,0,no,no,no,yes,yes,yes,yes,no,5,2,4,1,2,4,8,15,14,14
259,259,Gabriel Pereira,Female,17,Urban,<=3,Together,5-9th grade,5-9th grade,services,services,course,father,<=15 min,>10 hours,0,no,no,yes,yes,yes,yes,yes,yes,3,4,1,1,1,2,0,10,9,0
260,260,Gabriel Pereira,Female,18,Urban,>3,Together,Higher education,Secondary education,services,other,home,father,<=15 min,2 to 5 hours,0,no,yes,yes,no,yes,yes,yes,yes,3,1,2,1,3,2,21,17,18,18
261,261,Gabriel Pereira,Male,18,Urban,>3,Together,Higher education,Secondary education,teacher,other,course,mother,<=15 min,2 to 5 hours,0,no,yes,yes,no,no,yes,yes,no,4,3,2,1,1,3,2,8,8,8
262,262,Gabriel Pereira,Male,18,Rural,>3,Together,Secondary education,5-9th grade,other,other,course,mother,<=15 min,5 to 10 hours,0,no,no,no,yes,no,yes,no,no,5,3,2,1,1,3,1,13,12,12
263,263,Gabriel Pereira,Female,17,Urban,>3,Together,Secondary education,Secondary education,other,other,home,mother,<=15 min,5 to 10 hours,0,no,no,no,yes,no,yes,no,no,3,2,3,1,1,4,4,10,9,9
264,264,Gabriel Pereira,Female,18,Urban,>3,Together,5-9th grade,5-9th grade,at_home,services,home,mother,<=15 min,5 to 10 hours,0,no,yes,yes,yes,yes,yes,yes,yes,4,3,3,1,1,3,0,9,10,0
265,265,Gabriel Pereira,Male,18,Rural,<=3,Apart,Secondary education,Higher education,other,other,reputation,mother,15 to 30 min,2 to 5 hours,0,no,yes,yes,yes,yes,yes,yes,no,4,2,5,3,4,1,13,17,17,17
266,266,Gabriel Pereira,Male,17,Urban,>3,Together,Secondary education,Primary (4th grade),services,other,other,mother,<=15 min,2 to 5 hours,0,no,no,yes,yes,yes,yes,yes,yes,5,4,4,3,4,5,2,9,9,10
267,267,Gabriel Pereira,Female,18,Rural,>3,Together,Higher education,Higher education,teacher,other,reputation,mother,15 to 30 min,2 to 5 hours,0,no,no,yes,yes,yes,yes,yes,no,4,3,4,2,2,4,8,12,10,11
268,268,Gabriel Pereira,Male,18,Urban,>3,Together,Higher education,5-9th grade,health,other,reputation,father,<=15 min,2 to 5 hours,0,no,yes,yes,yes,yes,yes,yes,yes,5,4,5,1,3,5,10,10,9,10
269,269,Gabriel Pereira,Female,18,Rural,>3,Together,5-9th grade,Primary (4th grade),other,other,reputation,mother,15 to 30 min,2 to 5 hours,0,no,yes,no,no,yes,no,yes,yes,4,3,5,1,2,3,0,6,0,0
270,270,Gabriel Pereira,Female,19,Urban,>3,Together,Secondary education,Secondary education,other,services,home,other,<=15 min,2 to 5 hours,2,no,yes,yes,yes,yes,yes,yes,no,4,3,5,3,3,5,15,9,9,9
271,271,Gabriel Pereira,Female,18,Urban,>3,Together,5-9th grade,Secondary education,other,services,reputation,father,<=15 min,>10 hours,0,no,yes,yes,yes,yes,yes,yes,yes,4,5,5,1,3,2,4,15,14,14
272,272,Gabriel Pereira,Female,18,Urban,<=3,Together,Primary (4th grade),Primary (4th grade),other,other,home,mother,15 to 30 min,2 to 5 hours,0,no,yes,yes,no,no,yes,no,no,4,4,3,1,1,3,2,11,11,11
273,273,Gabriel Pereira,Male,17,Rural,>3,Together,Primary (4th grade),5-9th grade,at_home,at_home,home,mother,<=15 min,2 to 5 hours,0,no,yes,yes,yes,no,yes,no,yes,3,5,2,2,2,1,2,15,14,14
274,274,Gabriel Pereira,Female,17,Urban,>3,Together,5-9th grade,Higher education,at_home,health,reputation,mother,15 to 30 min,2 to 5 hours,0,no,yes,yes,no,yes,yes,yes,yes,4,3,3,1,1,1,2,10,10,10
275,275,Gabriel Pereira,Female,17,Urban,<=3,Together,5-9th grade,5-9th grade,services,other,course,mother,15 to 30 min,2 to 5 hours,0,yes,yes,yes,no,yes,yes,yes,yes,4,4,4,2,3,5,6,12,12,12
276,276,Gabriel Pereira,Female,18,Rural,>3,Apart,Secondary education,5-9th grade,other,services,home,mother,15 to 30 min,2 to 5 hours,0,no,no,no,no,no,no,yes,yes,4,1,1,1,1,5,75,10,9,9
277,277,Gabriel Pereira,Male,18,Urban,>3,Together,Higher education,Higher education,teacher,services,home,mother,15 to 30 min,<2 hours,0,no,no,yes,yes,yes,yes,yes,no,3,2,4,1,4,3,22,9,9,9
278,278,Gabriel Pereira,Female,18,Urban,>3,Together,Higher education,Higher education,health,health,reputation,father,<=15 min,2 to 5 hours,1,yes,yes,no,yes,yes,yes,yes,yes,2,4,4,1,1,4,15,9,8,8
279,279,Gabriel Pereira,Male,18,Urban,<=3,Together,Higher education,Secondary education,teacher,services,course,mother,15 to 30 min,<2 hours,0,no,no,yes,yes,yes,yes,yes,no,4,2,3,1,2,1,8,10,11,10
280,280,Gabriel Pereira,Male,17,Urban,<=3,Apart,Higher education,Primary (4th grade),services,other,home,mother,15 to 30 min,<2 hours,0,no,no,yes,yes,yes,yes,yes,yes,4,5,4,2,4,5,30,8,8,8
281,281,Gabriel Pereira,Male,17,Urban,<=3,Apart,Secondary education,5-9th grade,teacher,services,home,mother,<=15 min,<2 hours,1,no,no,no,no,yes,yes,yes,no,4,4,4,3,4,3,19,11,9,10
282,282,Gabriel Pereira,Female,18,Rural,<=3,Together,Primary (4th grade),Primary (4th grade),at_home,other,reputation,mother,15 to 30 min,>10 hours,0,no,yes,yes,yes,yes,yes,no,no,5,2,2,1,1,3,1,12,12,12
283,283,Gabriel Pereira,Female,18,Urban,>3,Together,Primary (4th grade),Primary (4th grade),other,other,home,mother,15 to 30 min,2 to 5 hours,0,yes,no,no,yes,yes,yes,yes,no,5,4,4,1,1,4,4,8,9,10
284,284,Gabriel Pereira,Female,17,Urban,>3,Together,5-9th grade,5-9th grade,other,other,course,mother,<=15 min,2 to 5 hours,0,no,yes,no,no,no,yes,yes,no,5,4,5,1,2,5,4,10,9,11
285,285,Gabriel Pereira,Male,17,Urban,>3,Together,Primary (4th grade),Primary (4th grade),other,other,reputation,father,<=15 min,2 to 5 hours,0,no,no,yes,no,no,yes,yes,no,4,3,3,1,2,4,2,12,10,11
286,286,Gabriel Pereira,Female,18,Urban,>3,Together,5-9th grade,5-9th grade,at_home,at_home,other,mother,<=15 min,5 to 10 hours,0,no,yes,yes,no,yes,yes,yes,no,4,3,3,1,2,2,5,18,18,19
287,287,Gabriel Pereira,Female,17,Urban,>3,Together,Primary (4th grade),Primary (4th grade),services,teacher,reputation,mother,<=15 min,5 to 10 hours,0,no,yes,yes,no,yes,yes,yes,no,4,3,3,1,1,3,6,13,12,12
288,288,Gabriel Pereira,Male,18,Urban,>3,Together,5-9th grade,Primary (4th grade),services,services,reputation,mother,<=15 min,5 to 10 hours,0,no,no,yes,yes,yes,yes,yes,no,4,2,4,1,3,2,6,15,14,14
289,289,Gabriel Pereira,Male,18,Urban,<=3,Apart,Higher education,Higher education,teacher,teacher,reputation,mother,<=15 min,2 to 5 hours,0,no,yes,yes,yes,yes,yes,yes,no,5,4,3,1,1,2,9,15,13,15
290,290,Gabriel Pereira,Male,18,Urban,>3,Together,Higher education,5-9th grade,teacher,other,home,mother,<=15 min,2 to 5 hours,0,no,yes,yes,yes,yes,yes,yes,yes,4,3,2,1,4,5,11,12,11,11
291,291,Gabriel Pereira,Female,17,Urban,>3,Together,Higher education,Secondary education,health,services,reputation,mother,<=15 min,5 to 10 hours,0,no,yes,yes,no,yes,yes,yes,no,4,2,2,1,2,3,0,15,15,15
292,292,Gabriel Pereira,Female,18,Urban,<=3,Together,5-9th grade,Primary (4th grade),services,at_home,reputation,mother,<=15 min,2 to 5 hours,1,no,no,no,no,yes,yes,yes,yes,5,4,3,1,1,5,12,12,12,13
293,293,Gabriel Pereira,Female,17,Rural,<=3,Together,Secondary education,Primary (4th grade),services,other,reputation,mother,15 to 30 min,>10 hours,0,no,yes,yes,no,yes,yes,no,no,3,1,2,1,1,3,6,18,18,18
294,294,Gabriel Pereira,Male,18,Rural,<=3,Together,Secondary education,5-9th grade,services,other,reputation,mother,15 to 30 min,5 to 10 hours,0,no,yes,yes,yes,yes,yes,yes,no,5,4,2,1,1,4,8,14,13,14
295,295,Gabriel Pereira,Male,17,Urban,>3,Together,Secondary education,Secondary education,health,other,home,mother,<=15 min,<2 hours,0,no,yes,yes,no,yes,yes,yes,no,4,4,3,1,3,5,4,14,12,11
296,296,Gabriel Pereira,Female,19,Urban,>3,Together,Higher education,Higher education,health,other,reputation,other,15 to 30 min,2 to 5 hours,0,no,yes,yes,yes,yes,yes,yes,no,2,3,4,2,3,2,0,10,9,0
297,297,Gabriel Pereira,Female,18,Urban,<=3,Together,Higher education,Secondary education,other,other,home,other,15 to 30 min,2 to 5 hours,0,no,yes,yes,no,yes,yes,yes,yes,4,4,5,1,2,2,10,10,8,8
298,298,Gabriel Pereira,Female,18,Urban,>3,Together,Higher education,Secondary education,other,other,reputation,father,<=15 min,>10 hours,0,no,yes,yes,no,yes,yes,yes,no,4,3,3,1,1,3,0,14,13,14
299,299,Gabriel Pereira,Male,18,Urban,<=3,Together,Higher education,Higher education,teacher,teacher,home,mother,<=15 min,<2 hours,0,no,yes,yes,no,yes,yes,yes,yes,1,4,2,2,2,1,5,16,15,16
300,300,Gabriel Pereira,Female,18,Urban,<=3,Apart,Higher education,Higher education,health,other,home,mother,<=15 min,2 to 5 hours,0,no,yes,no,no,yes,yes,yes,yes,4,2,4,1,1,4,14,12,10,11
301,301,Gabriel Pereira,Male,17,Urban,<=3,Together,Higher education,Higher education,other,teacher,home,father,15 to 30 min,<2 hours,0,no,no,yes,no,yes,yes,yes,no,4,1,1,2,2,5,0,11,11,10
302,302,Gabriel Pereira,Female,17,Urban,>3,Together,Higher education,5-9th grade,other,other,reputation,mother,15 to 30 min,5 to 10 hours,0,no,yes,yes,no,yes,yes,yes,no,4,3,3,1,1,3,0,15,12,14
303,303,Gabriel Pereira,Female,17,Urban,>3,Together,Secondary education,5-9th grade,health,health,reputation,father,<=15 min,>10 hours,0,no,yes,yes,yes,no,yes,yes,no,5,2,2,1,2,5,0,17,17,18
304,304,Gabriel Pereira,Male,19,Urban,>3,Together,Secondary education,Secondary education,other,other,home,other,<=15 min,2 to 5 hours,1,no,yes,no,yes,yes,yes,yes,yes,4,4,4,1,1,3,20,15,14,13
305,305,Gabriel Pereira,Female,18,Urban,>3,Together,5-9th grade,Higher education,services,at_home,reputation,other,<=15 min,2 to 5 hours,1,no,yes,yes,yes,yes,yes,yes,no,4,4,3,1,1,3,8,14,12,12
306,306,Gabriel Pereira,Male,20,Urban,>3,Apart,Secondary education,5-9th grade,services,other,course,other,<=15 min,<2 hours,0,no,no,no,yes,yes,yes,no,no,5,5,3,1,1,5,0,17,18,18
307,307,Gabriel Pereira,Male,19,Urban,>3,Together,Higher education,Higher education,teacher,services,reputation,other,15 to 30 min,<2 hours,1,no,yes,yes,no,yes,yes,yes,yes,4,3,4,1,1,4,38,8,9,8
308,308,Gabriel Pereira,Male,19,Rural,>3,Together,Secondary education,Secondary education,other,services,reputation,father,<=15 min,2 to 5 hours,1,no,no,no,yes,yes,yes,no,yes,4,5,3,1,2,5,0,15,12,12
309,309,Gabriel Pereira,Female,19,Urban,<=3,Together,Primary (4th grade),Primary (4th grade),at_home,other,reputation,other,<=15 min,2 to 5 hours,1,yes,yes,no,yes,no,yes,yes,no,4,4,3,1,3,3,18,12,10,10
310,310,Gabriel Pereira,Female,19,Urban,<=3,Together,Primary (4th grade),5-9th grade,services,services,home,other,<=15 min,2 to 5 hours,1,no,no,no,yes,no,yes,no,yes,4,2,4,2,2,3,0,9,9,0
311,311,Gabriel Pereira,Female,19,Urban,>3,Together,5-9th grade,Primary (4th grade),at_home,other,other,other,30 min. to 1 hour,2 to 5 hours,0,no,yes,no,no,yes,no,yes,yes,3,4,1,1,1,2,20,14,12,13
312,312,Gabriel Pereira,Male,19,Urban,>3,Together,Primary (4th grade),5-9th grade,other,services,course,other,<=15 min,2 to 5 hours,1,no,no,no,no,no,yes,yes,no,4,5,2,2,2,4,3,13,11,11
313,313,Gabriel Pereira,Female,19,Urban,<=3,Together,Secondary education,5-9th grade,services,other,reputation,other,15 to 30 min,2 to 5 hours,1,no,yes,yes,no,no,yes,yes,yes,4,2,2,1,2,1,22,13,10,11
314,314,Gabriel Pereira,Female,19,Urban,>3,Together,Primary (4th grade),Primary (4th grade),at_home,health,home,other,<=15 min,5 to 10 hours,2,no,no,no,no,no,yes,yes,yes,4,1,2,1,1,3,14,15,13,13
315,315,Gabriel Pereira,Female,19,Rural,>3,Together,5-9th grade,Secondary education,other,other,reputation,other,<=15 min,5 to 10 hours,1,no,no,no,no,yes,yes,yes,yes,4,1,2,1,1,3,40,13,11,11
316,316,Gabriel Pereira,Female,18,Urban,>3,Together,5-9th grade,Primary (4th grade),services,other,course,mother,15 to 30 min,2 to 5 hours,0,no,yes,yes,yes,yes,yes,yes,no,5,3,3,1,2,1,0,8,8,0
317,317,Gabriel Pereira,Female,18,Urban,>3,Together,Higher education,Secondary education,other,other,course,mother,<=15 min,5 to 10 hours,0,no,yes,yes,yes,yes,yes,yes,yes,4,3,4,1,1,5,9,9,10,9
318,318,Gabriel Pereira,Female,17,Rural,>3,Together,Secondary education,Higher education,at_home,services,course,father,<=15 min,5 to 10 hours,0,no,yes,yes,yes,no,yes,yes,no,4,3,4,2,5,5,0,11,11,10
319,319,Gabriel Pereira,Female,18,Urban,>3,Together,Higher education,Higher education,teacher,other,course,mother,<=15 min,2 to 5 hours,0,no,yes,yes,no,yes,yes,yes,no,4,4,4,3,3,5,2,11,11,11
320,320,Gabriel Pereira,Female,17,Urban,>3,Apart,Higher education,Secondary education,services,services,course,mother,<=15 min,2 to 5 hours,0,no,yes,yes,no,yes,yes,yes,yes,5,2,2,1,2,5,23,13,13,13
321,321,Gabriel Pereira,Female,17,Urban,>3,Together,5-9th grade,5-9th grade,other,other,course,mother,<=15 min,2 to 5 hours,0,no,yes,no,no,yes,yes,no,yes,4,2,2,1,1,3,12,11,9,9
322,322,Gabriel Pereira,Female,17,Rural,<=3,Together,5-9th grade,5-9th grade,services,services,course,mother,<=15 min,5 to 10 hours,0,no,yes,yes,yes,yes,yes,yes,no,3,3,2,2,2,3,3,11,11,11
323,323,Gabriel Pereira,Female,17,Urban,>3,Together,Secondary education,Primary (4th grade),services,services,course,father,<=15 min,5 to 10 hours,0,no,yes,no,no,no,yes,yes,no,3,4,3,2,3,5,1,12,14,15
324,324,Gabriel Pereira,Female,17,Urban,<=3,Together,No education,5-9th grade,at_home,at_home,home,father,15 to 30 min,5 to 10 hours,0,no,no,no,no,yes,yes,yes,no,3,3,3,2,3,2,0,16,15,15
325,325,Gabriel Pereira,Male,18,Urban,>3,Together,Higher education,Higher education,other,other,course,mother,<=15 min,5 to 10 hours,0,no,no,no,yes,yes,yes,yes,no,4,3,3,2,2,3,3,9,12,11
326,326,Gabriel Pereira,Male,17,Urban,>3,Together,Secondary education,Secondary education,other,services,reputation,mother,<=15 min,<2 hours,0,no,no,no,yes,no,yes,yes,no,4,3,5,3,5,5,3,14,15,16
327,327,Gabriel Pereira,Male,17,Rural,>3,Together,5-9th grade,5-9th grade,services,other,course,mother,>1 hour,<2 hours,0,no,yes,no,no,yes,yes,yes,no,4,4,5,5,5,4,8,11,10,10
328,328,Gabriel Pereira,Female,17,Urban,>3,Together,Higher education,Higher education,teacher,services,course,mother,<=15 min,5 to 10 hours,0,no,yes,yes,yes,yes,yes,yes,no,5,4,4,1,3,4,7,10,9,9
329,329,Gabriel Pereira,Female,17,Urban,>3,Together,Higher education,Higher education,teacher,teacher,course,mother,15 to 30 min,5 to 10 hours,0,no,yes,yes,no,no,yes,yes,yes,4,3,3,1,2,4,4,14,14,14
330,330,Gabriel Pereira,Male,18,Urban,<=3,Together,5-9th grade,5-9th grade,other,other,course,mother,<=15 min,>10 hours,0,no,yes,no,yes,yes,yes,yes,no,4,5,5,2,4,5,2,9,8,8
331,331,Gabriel Pereira,Female,17,Rural,>3,Together,5-9th grade,Higher education,at_home,other,course,father,<=15 min,5 to 10 hours,0,no,yes,no,no,yes,yes,yes,yes,4,4,3,1,1,5,7,12,14,14
332,332,Gabriel Pereira,Female,18,Urban,>3,Together,Secondary education,Secondary education,services,services,home,mother,<=15 min,2 to 5 hours,0,no,no,no,yes,yes,yes,yes,no,5,3,4,1,1,4,0,7,0,0
333,333,Gabriel Pereira,Female,18,Urban,<=3,Together,5-9th grade,5-9th grade,other,other,home,other,<=15 min,2 to 5 hours,0,no,no,no,yes,no,yes,yes,yes,4,3,3,1,1,2,0,8,8,0
334,334,Gabriel Pereira,Female,18,Rural,>3,Together,5-9th grade,5-9th grade,at_home,other,course,mother,15 to 30 min,>10 hours,0,no,no,no,yes,yes,yes,no,no,4,4,4,1,1,4,0,10,9,0
335,335,Gabriel Pereira,Female,17,Urban,>3,Together,Secondary education,Higher education,services,other,course,mother,<=15 min,5 to 10 hours,0,no,no,no,no,yes,yes,yes,no,4,4,5,1,3,5,16,16,15,15
336,336,Gabriel Pereira,Female,19,Rural,>3,Apart,Secondary education,Primary (4th grade),services,at_home,home,other,<=15 min,5 to 10 hours,1,no,no,yes,no,yes,yes,no,no,5,4,3,1,2,5,12,14,13,13
337,337,Gabriel Pereira,Female,17,Urban,>3,Together,Secondary education,5-9th grade,other,other,home,mother,<=15 min,2 to 5 hours,0,no,yes,yes,no,yes,yes,yes,yes,4,3,2,2,3,2,0,7,8,0
338,338,Gabriel Pereira,Female,18,Urban,<=3,Together,Secondary education,Secondary education,services,services,home,mother,<=15 min,>10 hours,0,no,yes,no,no,yes,yes,yes,no,5,3,3,1,1,1,7,16,15,17
339,339,Gabriel Pereira,Female,17,Rural,>3,Apart,Secondary education,5-9th grade,other,other,home,mother,<=15 min,2 to 5 hours,0,no,yes,yes,no,yes,yes,yes,no,4,3,3,2,3,2,4,9,10,10
340,340,Gabriel Pereira,Female,19,Urban,>3,Together,5-9th grade,Primary (4th grade),services,services,home,other,<=15 min,5 to 10 hours,1,no,no,yes,yes,yes,yes,yes,yes,4,3,4,1,3,3,4,11,12,11
341,341,Gabriel Pereira,Male,18,Urban,>3,Together,Higher education,Higher education,teacher,services,home,father,<=15 min,2 to 5 hours,1,no,yes,no,yes,yes,yes,yes,no,4,3,3,2,2,2,0,10,10,0
342,342,Gabriel Pereira,Male,18,Urban,<=3,Together,Secondary education,Higher education,services,other,home,mother,<=15 min,2 to 5 hours,0,no,no,no,yes,yes,yes,yes,yes,4,3,3,1,3,5,11,16,15,15
343,343,Gabriel Pereira,Female,17,Urban,>3,Apart,5-9th grade,5-9th grade,at_home,at_home,home,father,<=15 min,2 to 5 hours,1,no,yes,no,no,yes,yes,yes,yes,3,3,1,1,2,4,0,9,8,0
344,344,Gabriel Pereira,Female,18,Urban,>3,Together,5-9th grade,Secondary education,at_home,other,course,mother,<=15 min,5 to 10 hours,0,no,yes,no,no,yes,yes,yes,no,4,3,3,1,2,3,4,11,10,10
345,345,Gabriel Pereira,Female,18,Urban,>3,Together,Secondary education,5-9th grade,other,services,other,mother,<=15 min,5 to 10 hours,0,no,no,no,no,yes,yes,yes,yes,5,4,3,2,3,1,7,13,13,14
346,346,Gabriel Pereira,Male,18,Rural,>3,Together,Higher education,Secondary education,teacher,services,course,mother,<=15 min,5 to 10 hours,0,no,no,no,no,yes,yes,yes,yes,5,3,2,1,2,4,9,16,15,16
347,347,Gabriel Pereira,Male,18,Urban,>3,Together,Higher education,Secondary education,teacher,other,course,mother,<=15 min,5 to 10 hours,0,no,yes,yes,no,yes,yes,yes,yes,5,4,5,2,3,5,0,10,10,9
348,348,Gabriel Pereira,Female,17,Urban,>3,Together,Higher education,Secondary education,health,other,reputation,mother,<=15 min,5 to 10 hours,0,no,yes,yes,yes,yes,yes,yes,yes,4,4,3,1,3,4,0,13,15,15
349,349,Mousinho da Silveira,Male,18,Rural,>3,Together,Secondary education,5-9th grade,other,other,course,mother,15 to 30 min,<2 hours,1,no,yes,no,no,no,yes,yes,no,2,5,5,5,5,5,10,11,13,13
350,350,Mousinho da Silveira,Male,19,Rural,>3,Together,Primary (4th grade),Primary (4th grade),other,services,home,other,30 min. to 1 hour,2 to 5 hours,3,no,no,no,no,yes,yes,yes,no,5,4,4,3,3,2,8,8,7,8
351,351,Mousinho da Silveira,Male,17,Urban,>3,Together,Secondary education,Secondary education,health,other,course,mother,15 to 30 min,2 to 5 hours,0,no,yes,yes,no,yes,yes,yes,no,4,5,4,2,3,3,2,13,13,13
352,352,Mousinho da Silveira,Male,18,Urban,<=3,Together,Primary (4th grade),Secondary education,at_home,services,course,mother,<=15 min,<2 hours,1,no,no,no,no,yes,no,yes,yes,4,3,3,2,3,3,7,8,7,8
353,353,Mousinho da Silveira,Male,19,Rural,>3,Together,Primary (4th grade),Primary (4th grade),other,other,home,other,30 min. to 1 hour,<2 hours,1,no,yes,no,no,yes,yes,yes,no,4,4,4,3,3,5,4,8,8,8
354,354,Mousinho da Silveira,Male,17,Rural,>3,Together,Higher education,Secondary education,services,other,home,mother,15 to 30 min,2 to 5 hours,0,no,yes,yes,yes,no,yes,yes,yes,4,5,5,1,3,2,4,13,11,11
355,355,Mousinho da Silveira,Female,18,Urban,>3,Together,Secondary education,Secondary education,services,services,course,father,<=15 min,2 to 5 hours,0,no,yes,no,no,yes,yes,no,yes,5,3,4,1,1,5,0,10,9,9
356,356,Mousinho da Silveira,Female,17,Rural,>3,Together,Higher education,Higher education,teacher,services,other,father,15 to 30 min,2 to 5 hours,0,no,yes,yes,yes,yes,yes,yes,no,4,3,3,1,2,5,4,12,13,13
357,357,Mousinho da Silveira,Female,17,Urban,<=3,Apart,Secondary education,5-9th grade,services,other,reputation,mother,15 to 30 min,2 to 5 hours,0,no,no,no,no,yes,yes,no,yes,1,2,3,1,2,5,2,12,12,11
358,358,Mousinho da Silveira,Male,18,Urban,<=3,Together,Primary (4th grade),Primary (4th grade),other,services,home,father,15 to 30 min,<2 hours,0,no,no,no,no,no,yes,yes,yes,3,3,2,1,2,3,4,10,10,10
359,359,Mousinho da Silveira,Female,18,Urban,<=3,Together,Primary (4th grade),Primary (4th grade),at_home,services,course,father,15 to 30 min,5 to 10 hours,0,no,no,no,no,yes,yes,yes,no,5,3,2,1,1,4,0,18,16,16
360,360,Mousinho da Silveira,Female,18,Rural,<=3,Apart,Primary (4th grade),Higher education,at_home,other,course,mother,30 min. to 1 hour,2 to 5 hours,0,no,no,no,no,yes,yes,no,yes,4,3,4,1,4,5,0,13,13,13
361,361,Mousinho da Silveira,Male,18,Rural,<=3,Together,Primary (4th grade),Primary (4th grade),at_home,other,other,mother,15 to 30 min,2 to 5 hours,1,no,no,no,yes,no,no,no,no,4,4,3,2,3,5,2,13,12,12
362,362,Mousinho da Silveira,Female,18,Urban,>3,Together,Secondary education,Secondary education,services,services,other,mother,15 to 30 min,2 to 5 hours,0,no,yes,no,no,yes,yes,yes,yes,4,3,2,1,3,3,0,11,11,10
363,363,Mousinho da Silveira,Female,17,Urban,<=3,Together,Higher education,Higher education,at_home,at_home,course,mother,<=15 min,2 to 5 hours,0,no,yes,yes,yes,yes,yes,yes,yes,2,3,4,1,1,1,0,16,15,15
364,364,Mousinho da Silveira,Female,17,Rural,>3,Together,Primary (4th grade),5-9th grade,other,services,course,father,15 to 30 min,2 to 5 hours,0,no,no,no,no,no,yes,no,no,3,2,2,1,2,3,0,12,11,12
365,365,Mousinho da Silveira,Male,18,Rural,>3,Together,Primary (4th grade),Secondary education,at_home,other,course,mother,15 to 30 min,2 to 5 hours,0,no,yes,yes,no,yes,yes,no,no,3,3,4,2,4,3,4,10,10,10
366,366,Mousinho da Silveira,Male,18,Urban,<=3,Together,Higher education,Higher education,teacher,services,other,mother,15 to 30 min,5 to 10 hours,0,no,no,yes,no,yes,yes,yes,yes,4,2,2,2,2,5,0,13,13,13
367,367,Mousinho da Silveira,Female,17,Rural,>3,Together,Primary (4th grade),Primary (4th grade),other,services,reputation,mother,30 min. to 1 hour,<2 hours,1,no,yes,yes,no,yes,yes,yes,yes,5,2,1,1,2,1,0,7,6,0
368,368,Mousinho da Silveira,Female,18,Urban,>3,Together,5-9th grade,Secondary education,at_home,services,course,father,15 to 30 min,<2 hours,0,no,yes,yes,no,yes,yes,yes,yes,5,2,3,1,2,4,0,11,10,10
369,369,Mousinho da Silveira,Female,18,Rural,>3,Together,Higher education,Higher education,other,teacher,other,father,30 min. to 1 hour,2 to 5 hours,0,no,yes,yes,no,no,yes,yes,yes,3,2,2,4,2,5,10,14,12,11
370,370,Mousinho da Silveira,Female,19,Urban,<=3,Together,Secondary education,5-9th grade,services,services,home,other,15 to 30 min,2 to 5 hours,2,no,no,no,yes,yes,yes,no,yes,3,2,2,1,1,3,4,7,7,9
371,371,Mousinho da Silveira,Male,18,Rural,<=3,Together,Primary (4th grade),5-9th grade,at_home,services,other,father,30 min. to 1 hour,<2 hours,0,no,yes,yes,yes,yes,no,yes,yes,4,3,3,2,3,3,3,14,12,12
372,372,Mousinho da Silveira,Female,17,Urban,>3,Together,5-9th grade,5-9th grade,other,at_home,home,mother,<=15 min,5 to 10 hours,0,no,no,no,yes,yes,yes,no,yes,3,4,3,1,1,3,8,13,11,11
373,373,Mousinho da Silveira,Female,17,Rural,>3,Together,Primary (4th grade),5-9th grade,other,other,course,mother,<=15 min,<2 hours,0,no,no,no,yes,yes,yes,yes,no,3,5,5,1,3,1,14,6,5,5
374,374,Mousinho da Silveira,Female,18,Rural,<=3,Together,Higher education,Higher education,other,other,reputation,mother,15 to 30 min,5 to 10 hours,0,no,no,no,no,yes,yes,yes,no,5,4,4,1,1,1,0,19,18,19
375,375,Mousinho da Silveira,Female,18,Rural,>3,Together,Primary (4th grade),Primary (4th grade),other,other,home,mother,>1 hour,5 to 10 hours,0,no,no,no,no,yes,yes,yes,no,4,3,2,1,2,4,2,8,8,10
376,376,Mousinho da Silveira,Female,20,Urban,>3,Together,Higher education,5-9th grade,health,other,course,other,15 to 30 min,5 to 10 hours,2,no,yes,yes,no,no,yes,yes,yes,5,4,3,1,1,3,4,15,14,15
377,377,Mousinho da Silveira,Female,18,Rural,<=3,Together,Higher education,Higher education,teacher,services,course,mother,<=15 min,2 to 5 hours,0,no,no,yes,yes,yes,yes,yes,no,5,4,3,3,4,2,4,8,9,10
378,378,Mousinho da Silveira,Female,18,Urban,>3,Together,Secondary education,Secondary education,other,other,home,mother,<=15 min,2 to 5 hours,0,no,no,yes,no,yes,yes,yes,yes,4,1,3,1,2,1,0,15,15,15
379,379,Mousinho da Silveira,Female,17,Rural,>3,Together,Secondary education,Primary (4th grade),at_home,other,reputation,mother,<=15 min,2 to 5 hours,0,no,yes,yes,yes,no,yes,yes,no,4,5,4,2,3,1,17,10,10,10
380,380,Mousinho da Silveira,Male,18,Urban,>3,Together,Higher education,Higher education,teacher,teacher,home,father,<=15 min,2 to 5 hours,0,no,no,yes,yes,no,yes,yes,no,3,2,4,1,4,2,4,15,14,14
381,381,Mousinho da Silveira,Male,18,Rural,>3,Together,5-9th grade,Primary (4th grade),other,other,other,mother,15 to 30 min,<2 hours,0,no,no,no,yes,no,yes,yes,yes,4,4,3,1,3,5,5,7,6,7
382,382,Mousinho da Silveira,Male,17,Urban,>3,Together,5-9th grade,Secondary education,other,services,home,father,15 to 30 min,2 to 5 hours,0,no,no,no,yes,yes,yes,yes,no,4,4,3,1,1,3,2,11,11,10
383,383,Mousinho da Silveira,Male,19,Rural,>3,Together,Primary (4th grade),Primary (4th grade),other,services,other,mother,15 to 30 min,<2 hours,1,no,no,no,no,yes,yes,no,no,4,3,2,1,3,5,0,6,5,0
384,384,Mousinho da Silveira,Male,18,Rural,>3,Together,Higher education,5-9th grade,other,other,home,father,15 to 30 min,<2 hours,1,no,no,yes,no,yes,yes,no,no,5,4,3,4,3,3,14,6,5,5
385,385,Mousinho da Silveira,Female,18,Rural,>3,Together,5-9th grade,5-9th grade,at_home,other,other,mother,15 to 30 min,5 to 10 hours,0,no,no,yes,no,yes,yes,no,no,5,3,3,1,3,4,2,10,9,10
386,386,Mousinho da Silveira,Female,18,Rural,>3,Together,Higher education,Higher education,teacher,at_home,reputation,mother,30 min. to 1 hour,<2 hours,0,no,yes,yes,yes,yes,yes,yes,yes,4,4,3,2,2,5,7,6,5,6
387,387,Mousinho da Silveira,Female,19,Rural,>3,Together,5-9th grade,Secondary education,services,other,course,mother,<=15 min,5 to 10 hours,1,no,no,no,yes,no,yes,yes,no,5,4,2,1,2,5,0,7,5,0
388,388,Mousinho da Silveira,Female,18,Urban,<=3,Together,Secondary education,Primary (4th grade),teacher,services,course,mother,<=15 min,2 to 5 hours,0,no,yes,yes,no,yes,yes,yes,no,4,3,4,1,1,1,0,7,9,8
389,389,Mousinho da Silveira,Female,18,Urban,>3,Together,Primary (4th grade),Primary (4th grade),other,other,course,mother,15 to 30 min,2 to 5 hours,1,no,no,no,yes,yes,yes,no,no,1,1,1,1,1,5,0,6,5,0
390,390,Mousinho da Silveira,Male,20,Urban,<=3,Apart,5-9th grade,5-9th grade,services,services,course,other,<=15 min,2 to 5 hours,2,no,yes,yes,no,yes,yes,no,no,5,5,4,4,5,4,11,9,9,9
391,391,Mousinho da Silveira,Male,17,Urban,<=3,Together,Secondary education,Primary (4th grade),services,services,course,mother,15 to 30 min,<2 hours,0,no,no,no,no,no,yes,yes,no,2,4,5,3,4,2,3,14,16,16
392,392,Mousinho da Silveira,Male,21,Rural,>3,Together,Primary (4th grade),Primary (4th grade),other,other,course,other,<=15 min,<2 hours,3,no,no,no,no,no,yes,no,no,5,5,3,3,3,3,3,10,8,7
393,393,Mousinho da Silveira,Male,18,Rural,<=3,Together,Secondary education,5-9th grade,services,other,course,mother,30 min. to 1 hour,<2 hours,0,no,no,no,no,no,yes,yes,no,4,4,1,3,4,5,0,11,12,10
394,394,Mousinho da Silveira,Male,19,Urban,<=3,Together,Primary (4th grade),Primary (4th grade),other,at_home,course,father,<=15 min,<2 hours,0,no,no,no,no,yes,yes,yes,no,3,2,3,3,3,5,5,8,9,9
